data_origin,source_record_id,compound,day,dose_cmax_multiple,endpoint,value,missing,source_sheet,source_row,source_cell,source_file,source_doi,dose_unit,response_unit,chip_id,sample_id,run_id,donor_id,pairing_status,missing_reason,measurement_kind
published_real,ewart2022_supp8_ALBUMIN_C2,Clozapine,3,1.0,albumin_percent,135.709948005764,False,ALBUMIN,2,C2,supplementary_data_8.xlsx,10.1038/s43856-022-00209-1,x_unbound_cmax,percent_source_normalised,,,,,unknown,,original
published_real,ewart2022_supp8_ALBUMIN_C3,Clozapine,3,1.0,albumin_percent,113.769799561393,False,ALBUMIN,3,C3,supplementary_data_8.xlsx,10.1038/s43856-022-00209-1,x_unbound_cmax,percent_source_normalised,,,,,unknown,,original
published_real,ewart2022_supp8_ALBUMIN_C4,Clozapine,3,3.0,albumin_percent,134.233207172339,False,ALBUMIN,4,C4,supplementary_data_8.xlsx,10.1038/s43856-022-00209-1,x_unbound_cmax,percent_source_normalised,,,,,unknown,,original
published_real,ewart2022_supp8_ALBUMIN_C5,Clozapine,3,3.0,albumin_percent,158.282985283381,False,ALBUMIN,5,C5,supplementary_data_8.xlsx,10.1038/s43856-022-00209-1,x_unbound_cmax,percent_source_normalised,,,,,unknown,,original
published_real,ewart2022_supp8_ALBUMIN_C6,Clozapine,3,10.0,albumin_percent,125.161799672409,False,ALBUMIN,6,C6,supplementary_data_8.xlsx,10.1038/s43856-022-00209-1,x_unbound_cmax,percent_source_normalised,,,,,unknown,,original
published_real,ewart2022_supp8_ALBUMIN_C7,Clozapine,3,10.0,albumin_percent,151.110244505707,False,ALBUMIN,7,C7,supplementary_data_8.xlsx,10.1038/s43856-022-00209-1,x_unbound_cmax,percent_source_normalised,,,,,unknown,,original
published_real,ewart2022_supp8_ALBUMIN_C8,Clozapine,3,30.0,albumin_percent,140.140170283521,False,ALBUMIN,8,C8,supplementary_data_8.xlsx,10.1038/s43856-022-00209-1,x_unbound_cmax,percent_source_normalised,,,,,unknown,,original
published_real,ewart2022_supp8_ALBUMIN_C9,Clozapine,3,30.0,albumin_percent,119.465799728161,False,ALBUMIN,9,C9,supplementary_data_8.xlsx,10.1038/s43856-022-00209-1,x_unbound_cmax,percent_source_normalised,,,,,unknown,,original
published_real,ewart2022_supp8_ALBUMIN_C10,Clozapine,3,100.0,albumin_percent,100.057206839291,False,ALBUMIN,10,C10,supplementary_data_8.xlsx,10.1038/s43856-022-00209-1,x_unbound_cmax,percent_source_normalised,,,,,unknown,,original
published_real,ewart2022_supp8_ALBUMIN_C11,Clozapine,3,100.0,albumin_percent,74.7416510617572,False,ALBUMIN,11,C11,supplementary_data_8.xlsx,10.1038/s43856-022-00209-1,x_unbound_cmax,percent_source_normalised,,,,,unknown,,original
published_real,ewart2022_supp8_ALBUMIN_C12,Clozapine,3,300.0,albumin_percent,69.6785397282349,False,ALBUMIN,12,C12,supplementary_data_8.xlsx,10.1038/s43856-022-00209-1,x_unbound_cmax,percent_source_normalised,,,,,unknown,,original
published_real,ewart2022_supp8_ALBUMIN_C13,Clozapine,3,300.0,albumin_percent,43.730095117456,False,ALBUMIN,13,C13,supplementary_data_8.xlsx,10.1038/s43856-022-00209-1,x_unbound_cmax,percent_source_normalised,,,,,unknown,,original
published_real,ewart2022_supp8_ALBUMIN_C14,Olanzapine,3,1.0,albumin_percent,151.743133338953,False,ALBUMIN,14,C14,supplementary_data_8.xlsx,10.1038/s43856-022-00209-1,x_unbound_cmax,percent_source_normalised,,,,,unknown,,original
published_real,ewart2022_supp8_ALBUMIN_C15,Olanzapine,3,1.0,albumin_percent,129.802984894581,False,ALBUMIN,15,C15,supplementary_data_8.xlsx,10.1038/s43856-022-00209-1,x_unbound_cmax,percent_source_normalised,,,,,unknown,,original
published_real,ewart2022_supp8_ALBUMIN_C16,Olanzapine,3,3.0,albumin_percent,105.331280894708,False,ALBUMIN,16,C16,supplementary_data_8.xlsx,10.1038/s43856-022-00209-1,x_unbound_cmax,percent_source_normalised,,,,,unknown,,original
published_real,ewart2022_supp8_ALBUMIN_C17,Olanzapine,3,3.0,albumin_percent,127.904318172325,False,ALBUMIN,17,C17,supplementary_data_8.xlsx,10.1038/s43856-022-00209-1,x_unbound_cmax,percent_source_normalised,,,,,unknown,,original
published_real,ewart2022_supp8_ALBUMIN_C18,Olanzapine,3,10.0,albumin_percent,155.118540894634,False,ALBUMIN,18,C18,supplementary_data_8.xlsx,10.1038/s43856-022-00209-1,x_unbound_cmax,percent_source_normalised,,,,,unknown,,original
published_real,ewart2022_supp8_ALBUMIN_C19,Olanzapine,3,10.0,albumin_percent,112.925947783732,False,ALBUMIN,19,C19,supplementary_data_8.xlsx,10.1038/s43856-022-00209-1,x_unbound_cmax,percent_source_normalised,,,,,unknown,,original
published_real,ewart2022_supp8_ALBUMIN_C20,Olanzapine,3,30.0,albumin_percent,113.769799561393,False,ALBUMIN,20,C20,supplementary_data_8.xlsx,10.1038/s43856-022-00209-1,x_unbound_cmax,percent_source_normalised,,,,,unknown,,original
published_real,ewart2022_supp8_ALBUMIN_C21,Olanzapine,3,30.0,albumin_percent,112.293058727967,False,ALBUMIN,21,C21,supplementary_data_8.xlsx,10.1038/s43856-022-00209-1,x_unbound_cmax,percent_source_normalised,,,,,unknown,,original
published_real,ewart2022_supp8_ALBUMIN_C22,Olanzapine,3,100.0,albumin_percent,122.208318228077,False,ALBUMIN,22,C22,supplementary_data_8.xlsx,10.1038/s43856-022-00209-1,x_unbound_cmax,percent_source_normalised,,,,,unknown,,original
published_real,ewart2022_supp8_ALBUMIN_C23,Olanzapine,3,100.0,albumin_percent,141.194985005597,False,ALBUMIN,23,C23,supplementary_data_8.xlsx,10.1038/s43856-022-00209-1,x_unbound_cmax,percent_source_normalised,,,,,unknown,,original
published_real,ewart2022_supp8_ALBUMIN_C24,Olanzapine,3,300.0,albumin_percent,132.334540450083,False,ALBUMIN,24,C24,supplementary_data_8.xlsx,10.1038/s43856-022-00209-1,x_unbound_cmax,percent_source_normalised,,,,,unknown,,original
published_real,ewart2022_supp8_ALBUMIN_C25,Olanzapine,3,300.0,albumin_percent,118.20002183915,False,ALBUMIN,25,C25,supplementary_data_8.xlsx,10.1038/s43856-022-00209-1,x_unbound_cmax,percent_source_normalised,,,,,unknown,,original
published_real,ewart2022_supp8_ALBUMIN_C26,Troglitazone,3,0.98,albumin_percent,86.9413297363926,False,ALBUMIN,26,C26,supplementary_data_8.xlsx,10.1038/s43856-022-00209-1,x_unbound_cmax,percent_source_normalised,,,,,unknown,,original
published_real,ewart2022_supp8_ALBUMIN_C27,Troglitazone,3,0.98,albumin_percent,104.619181352019,False,ALBUMIN,27,C27,supplementary_data_8.xlsx,10.1038/s43856-022-00209-1,x_unbound_cmax,percent_source_normalised,,,,,unknown,,original
published_real,ewart2022_supp8_ALBUMIN_C28,Troglitazone,3,2.95,albumin_percent,93.4542223314824,False,ALBUMIN,28,C28,supplementary_data_8.xlsx,10.1038/s43856-022-00209-1,x_unbound_cmax,percent_source_normalised,,,,,unknown,,original
published_real,ewart2022_supp8_ALBUMIN_C29,Troglitazone,3,2.95,albumin_percent,107.596503757495,False,ALBUMIN,29,C29,supplementary_data_8.xlsx,10.1038/s43856-022-00209-1,x_unbound_cmax,percent_source_normalised,,,,,unknown,,original
published_real,ewart2022_supp8_ALBUMIN_C30,Troglitazone,3,9.82,albumin_percent,106.666090561414,False,ALBUMIN,30,C30,supplementary_data_8.xlsx,10.1038/s43856-022-00209-1,x_unbound_cmax,percent_source_normalised,,,,,unknown,,original
published_real,ewart2022_supp8_ALBUMIN_C31,Troglitazone,3,9.82,albumin_percent,72.6129657156675,False,ALBUMIN,31,C31,supplementary_data_8.xlsx,10.1038/s43856-022-00209-1,x_unbound_cmax,percent_source_normalised,,,,,unknown,,original
published_real,ewart2022_supp8_ALBUMIN_C32,Troglitazone,3,29.47,albumin_percent,65.5418248914015,False,ALBUMIN,32,C32,supplementary_data_8.xlsx,10.1038/s43856-022-00209-1,x_unbound_cmax,percent_source_normalised,,,,,unknown,,original
published_real,ewart2022_supp8_ALBUMIN_C33,Troglitazone,3,29.47,albumin_percent,85.4526685336544,False,ALBUMIN,33,C33,supplementary_data_8.xlsx,10.1038/s43856-022-00209-1,x_unbound_cmax,percent_source_normalised,,,,,unknown,,original
published_real,ewart2022_supp8_ALBUMIN_C34,Troglitazone,3,98.2,albumin_percent,96.2454621422464,False,ALBUMIN,34,C34,supplementary_data_8.xlsx,10.1038/s43856-022-00209-1,x_unbound_cmax,percent_source_normalised,,,,,unknown,,original
published_real,ewart2022_supp8_ALBUMIN_C35,Troglitazone,3,98.2,albumin_percent,126.576933981147,False,ALBUMIN,35,C35,supplementary_data_8.xlsx,10.1038/s43856-022-00209-1,x_unbound_cmax,percent_source_normalised,,,,,unknown,,original
published_real,ewart2022_supp8_ALBUMIN_C36,Troglitazone,3,294.72,albumin_percent,0.0,False,ALBUMIN,36,C36,supplementary_data_8.xlsx,10.1038/s43856-022-00209-1,x_unbound_cmax,percent_source_normalised,,,,,unknown,,original
published_real,ewart2022_supp8_ALBUMIN_C37,Troglitazone,3,294.72,albumin_percent,0.0,False,ALBUMIN,37,C37,supplementary_data_8.xlsx,10.1038/s43856-022-00209-1,x_unbound_cmax,percent_source_normalised,,,,,unknown,,original
published_real,ewart2022_supp8_ALBUMIN_C38,Pioglitazone,3,1.0,albumin_percent,105.363511953388,False,ALBUMIN,38,C38,supplementary_data_8.xlsx,10.1038/s43856-022-00209-1,x_unbound_cmax,percent_source_normalised,,,,,unknown,,original
published_real,ewart2022_supp8_ALBUMIN_C39,Pioglitazone,3,1.0,albumin_percent,,True,ALBUMIN,39,C39,supplementary_data_8.xlsx,10.1038/s43856-022-00209-1,x_unbound_cmax,percent_source_normalised,,,,,unknown,not_reported,original
published_real,ewart2022_supp8_ALBUMIN_C40,Pioglitazone,3,3.0,albumin_percent,126.390851386435,False,ALBUMIN,40,C40,supplementary_data_8.xlsx,10.1038/s43856-022-00209-1,x_unbound_cmax,percent_source_normalised,,,,,unknown,,original
published_real,ewart2022_supp8_ALBUMIN_C41,Pioglitazone,3,3.0,albumin_percent,,True,ALBUMIN,41,C41,supplementary_data_8.xlsx,10.1038/s43856-022-00209-1,x_unbound_cmax,percent_source_normalised,,,,,unknown,not_reported,original
published_real,ewart2022_supp8_ALBUMIN_C42,Pioglitazone,3,10.0,albumin_percent,99.4088671424351,False,ALBUMIN,42,C42,supplementary_data_8.xlsx,10.1038/s43856-022-00209-1,x_unbound_cmax,percent_source_normalised,,,,,unknown,,original
published_real,ewart2022_supp8_ALBUMIN_C43,Pioglitazone,3,10.0,albumin_percent,96.6176273316712,False,ALBUMIN,43,C43,supplementary_data_8.xlsx,10.1038/s43856-022-00209-1,x_unbound_cmax,percent_source_normalised,,,,,unknown,,original
published_real,ewart2022_supp8_ALBUMIN_C44,Pioglitazone,3,30.0,albumin_percent,119.691875974113,False,ALBUMIN,44,C44,supplementary_data_8.xlsx,10.1038/s43856-022-00209-1,x_unbound_cmax,percent_source_normalised,,,,,unknown,,original
published_real,ewart2022_supp8_ALBUMIN_C45,Pioglitazone,3,30.0,albumin_percent,108.526916953577,False,ALBUMIN,45,C45,supplementary_data_8.xlsx,10.1038/s43856-022-00209-1,x_unbound_cmax,percent_source_normalised,,,,,unknown,,original
published_real,ewart2022_supp8_ALBUMIN_C46,Pioglitazone,3,100.0,albumin_percent,84.8944205269977,False,ALBUMIN,46,C46,supplementary_data_8.xlsx,10.1038/s43856-022-00209-1,x_unbound_cmax,percent_source_normalised,,,,,unknown,,original
published_real,ewart2022_supp8_ALBUMIN_C47,Pioglitazone,3,100.0,albumin_percent,78.0093625199635,False,ALBUMIN,47,C47,supplementary_data_8.xlsx,10.1038/s43856-022-00209-1,x_unbound_cmax,percent_source_normalised,,,,,unknown,,original
published_real,ewart2022_supp8_ALBUMIN_C48,Pioglitazone,3,300.0,albumin_percent,60.1454280871055,False,ALBUMIN,48,C48,supplementary_data_8.xlsx,10.1038/s43856-022-00209-1,x_unbound_cmax,percent_source_normalised,,,,,unknown,,original
published_real,ewart2022_supp8_ALBUMIN_C49,Pioglitazone,3,300.0,albumin_percent,38.3737580526897,False,ALBUMIN,49,C49,supplementary_data_8.xlsx,10.1038/s43856-022-00209-1,x_unbound_cmax,percent_source_normalised,,,,,unknown,,original
published_real,ewart2022_supp8_ALBUMIN_C50,Trovafloxacin,3,1.0,albumin_percent,125.68987893106,False,ALBUMIN,50,C50,supplementary_data_8.xlsx,10.1038/s43856-022-00209-1,x_unbound_cmax,percent_source_normalised,,,,,unknown,,original
published_real,ewart2022_supp8_ALBUMIN_C51,Trovafloxacin,3,1.0,albumin_percent,103.881661404813,False,ALBUMIN,51,C51,supplementary_data_8.xlsx,10.1038/s43856-022-00209-1,x_unbound_cmax,percent_source_normalised,,,,,unknown,,original
published_real,ewart2022_supp8_ALBUMIN_C52,Trovafloxacin,3,3.0,albumin_percent,113.930545863958,False,ALBUMIN,52,C52,supplementary_data_8.xlsx,10.1038/s43856-022-00209-1,x_unbound_cmax,percent_source_normalised,,,,,unknown,,original
published_real,ewart2022_supp8_ALBUMIN_C53,Trovafloxacin,3,3.0,albumin_percent,100.46076463394,False,ALBUMIN,53,C53,supplementary_data_8.xlsx,10.1038/s43856-022-00209-1,x_unbound_cmax,percent_source_normalised,,,,,unknown,,original
published_real,ewart2022_supp8_ALBUMIN_C54,Trovafloxacin,3,10.0,albumin_percent,86.1357590999432,False,ALBUMIN,54,C54,supplementary_data_8.xlsx,10.1038/s43856-022-00209-1,x_unbound_cmax,percent_source_normalised,,,,,unknown,,original
published_real,ewart2022_supp8_ALBUMIN_C55,Trovafloxacin,3,10.0,albumin_percent,105.16449786078,False,ALBUMIN,55,C55,supplementary_data_8.xlsx,10.1038/s43856-022-00209-1,x_unbound_cmax,percent_source_normalised,,,,,unknown,,original
published_real,ewart2022_supp8_ALBUMIN_C56,Trovafloxacin,3,30.0,albumin_percent,111.151067321069,False,ALBUMIN,56,C56,supplementary_data_8.xlsx,10.1038/s43856-022-00209-1,x_unbound_cmax,percent_source_normalised,,,,,unknown,,original
published_real,ewart2022_supp8_ALBUMIN_C57,Trovafloxacin,3,30.0,albumin_percent,102.385019095371,False,ALBUMIN,57,C57,supplementary_data_8.xlsx,10.1038/s43856-022-00209-1,x_unbound_cmax,percent_source_normalised,,,,,unknown,,original
published_real,ewart2022_supp8_ALBUMIN_C58,Trovafloxacin,3,100.0,albumin_percent,56.4167176519772,False,ALBUMIN,58,C58,supplementary_data_8.xlsx,10.1038/s43856-022-00209-1,x_unbound_cmax,percent_source_normalised,,,,,unknown,,original
published_real,ewart2022_supp8_ALBUMIN_C59,Trovafloxacin,3,100.0,albumin_percent,33.7532758217525,False,ALBUMIN,59,C59,supplementary_data_8.xlsx,10.1038/s43856-022-00209-1,x_unbound_cmax,percent_source_normalised,,,,,unknown,,original
published_real,ewart2022_supp8_ALBUMIN_C60,Trovafloxacin,3,300.0,albumin_percent,23.4905852866127,False,ALBUMIN,60,C60,supplementary_data_8.xlsx,10.1038/s43856-022-00209-1,x_unbound_cmax,percent_source_normalised,,,,,unknown,,original
published_real,ewart2022_supp8_ALBUMIN_C61,Trovafloxacin,3,300.0,albumin_percent,33.5394699682774,False,ALBUMIN,61,C61,supplementary_data_8.xlsx,10.1038/s43856-022-00209-1,x_unbound_cmax,percent_source_normalised,,,,,unknown,,original
published_real,ewart2022_supp8_ALBUMIN_C62,Levofloxacin,3,1.0,albumin_percent,141.194985005597,False,ALBUMIN,62,C62,supplementary_data_8.xlsx,10.1038/s43856-022-00209-1,x_unbound_cmax,percent_source_normalised,,,,,unknown,,original
published_real,ewart2022_supp8_ALBUMIN_C63,Levofloxacin,3,1.0,albumin_percent,69.0456508949894,False,ALBUMIN,63,C63,supplementary_data_8.xlsx,10.1038/s43856-022-00209-1,x_unbound_cmax,percent_source_normalised,,,,,unknown,,original
published_real,ewart2022_supp8_ALBUMIN_C64,Levofloxacin,3,3.0,albumin_percent,136.34283683901,False,ALBUMIN,64,C64,supplementary_data_8.xlsx,10.1038/s43856-022-00209-1,x_unbound_cmax,percent_source_normalised,,,,,unknown,,original
published_real,ewart2022_supp8_ALBUMIN_C65,Levofloxacin,3,3.0,albumin_percent,110.183429061296,False,ALBUMIN,65,C65,supplementary_data_8.xlsx,10.1038/s43856-022-00209-1,x_unbound_cmax,percent_source_normalised,,,,,unknown,,original
published_real,ewart2022_supp8_ALBUMIN_C66,Levofloxacin,3,10.0,albumin_percent,168.198244560971,False,ALBUMIN,66,C66,supplementary_data_8.xlsx,10.1038/s43856-022-00209-1,x_unbound_cmax,percent_source_normalised,,,,,unknown,,original
published_real,ewart2022_supp8_ALBUMIN_C67,Levofloxacin,3,10.0,albumin_percent,120.309651505821,False,ALBUMIN,67,C67,supplementary_data_8.xlsx,10.1038/s43856-022-00209-1,x_unbound_cmax,percent_source_normalised,,,,,unknown,,original
published_real,ewart2022_supp8_ALBUMIN_C68,Levofloxacin,3,15.0,albumin_percent,141.616910894428,False,ALBUMIN,68,C68,supplementary_data_8.xlsx,10.1038/s43856-022-00209-1,x_unbound_cmax,percent_source_normalised,,,,,unknown,,original
published_real,ewart2022_supp8_ALBUMIN_C69,Levofloxacin,3,15.0,albumin_percent,122.419281172492,False,ALBUMIN,69,C69,supplementary_data_8.xlsx,10.1038/s43856-022-00209-1,x_unbound_cmax,percent_source_normalised,,,,,unknown,,original
published_real,ewart2022_supp8_ALBUMIN_C70,Levofloxacin,3,45.0,albumin_percent,137.18668883919,False,ALBUMIN,70,C70,supplementary_data_8.xlsx,10.1038/s43856-022-00209-1,x_unbound_cmax,percent_source_normalised,,,,,unknown,,original
published_real,ewart2022_supp8_ALBUMIN_C71,Levofloxacin,3,45.0,albumin_percent,138.452466505681,False,ALBUMIN,71,C71,supplementary_data_8.xlsx,10.1038/s43856-022-00209-1,x_unbound_cmax,percent_source_normalised,,,,,unknown,,original
published_real,ewart2022_supp8_ALT_C2,Clozapine,3,1.0,alt_source_units,0.0,False,ALT,2,C2,supplementary_data_8.xlsx,10.1038/s43856-022-00209-1,x_unbound_cmax,source_units,,,,,unknown,,original
published_real,ewart2022_supp8_ALT_C3,Clozapine,3,1.0,alt_source_units,0.719912528,False,ALT,3,C3,supplementary_data_8.xlsx,10.1038/s43856-022-00209-1,x_unbound_cmax,source_units,,,,,unknown,,original
published_real,ewart2022_supp8_ALT_C4,Clozapine,3,3.0,alt_source_units,0.0,False,ALT,4,C4,supplementary_data_8.xlsx,10.1038/s43856-022-00209-1,x_unbound_cmax,source_units,,,,,unknown,,original
published_real,ewart2022_supp8_ALT_C5,Clozapine,3,3.0,alt_source_units,0.0,False,ALT,5,C5,supplementary_data_8.xlsx,10.1038/s43856-022-00209-1,x_unbound_cmax,source_units,,,,,unknown,,original
published_real,ewart2022_supp8_ALT_C6,Clozapine,3,10.0,alt_source_units,0.0,False,ALT,6,C6,supplementary_data_8.xlsx,10.1038/s43856-022-00209-1,x_unbound_cmax,source_units,,,,,unknown,,original
published_real,ewart2022_supp8_ALT_C7,Clozapine,3,10.0,alt_source_units,0.0,False,ALT,7,C7,supplementary_data_8.xlsx,10.1038/s43856-022-00209-1,x_unbound_cmax,source_units,,,,,unknown,,original
published_real,ewart2022_supp8_ALT_C8,Clozapine,3,30.0,alt_source_units,0.31812959,False,ALT,8,C8,supplementary_data_8.xlsx,10.1038/s43856-022-00209-1,x_unbound_cmax,source_units,,,,,unknown,,original
published_real,ewart2022_supp8_ALT_C9,Clozapine,3,30.0,alt_source_units,0.0,False,ALT,9,C9,supplementary_data_8.xlsx,10.1038/s43856-022-00209-1,x_unbound_cmax,source_units,,,,,unknown,,original
published_real,ewart2022_supp8_ALT_C10,Clozapine,3,100.0,alt_source_units,0.0,False,ALT,10,C10,supplementary_data_8.xlsx,10.1038/s43856-022-00209-1,x_unbound_cmax,source_units,,,,,unknown,,original
published_real,ewart2022_supp8_ALT_C11,Clozapine,3,100.0,alt_source_units,0.0,False,ALT,11,C11,supplementary_data_8.xlsx,10.1038/s43856-022-00209-1,x_unbound_cmax,source_units,,,,,unknown,,original
published_real,ewart2022_supp8_ALT_C12,Clozapine,3,300.0,alt_source_units,2.260080454,False,ALT,12,C12,supplementary_data_8.xlsx,10.1038/s43856-022-00209-1,x_unbound_cmax,source_units,,,,,unknown,,original
published_real,ewart2022_supp8_ALT_C13,Clozapine,3,300.0,alt_source_units,3.108288877,False,ALT,13,C13,supplementary_data_8.xlsx,10.1038/s43856-022-00209-1,x_unbound_cmax,source_units,,,,,unknown,,original
published_real,ewart2022_supp8_ALT_C14,Olanzapine,3,1.0,alt_source_units,0.0,False,ALT,14,C14,supplementary_data_8.xlsx,10.1038/s43856-022-00209-1,x_unbound_cmax,source_units,,,,,unknown,,original
published_real,ewart2022_supp8_ALT_C15,Olanzapine,3,1.0,alt_source_units,0.0,False,ALT,15,C15,supplementary_data_8.xlsx,10.1038/s43856-022-00209-1,x_unbound_cmax,source_units,,,,,unknown,,original
published_real,ewart2022_supp8_ALT_C16,Olanzapine,3,3.0,alt_source_units,0.0,False,ALT,16,C16,supplementary_data_8.xlsx,10.1038/s43856-022-00209-1,x_unbound_cmax,source_units,,,,,unknown,,original
published_real,ewart2022_supp8_ALT_C17,Olanzapine,3,3.0,alt_source_units,0.0,False,ALT,17,C17,supplementary_data_8.xlsx,10.1038/s43856-022-00209-1,x_unbound_cmax,source_units,,,,,unknown,,original
published_real,ewart2022_supp8_ALT_C18,Olanzapine,3,10.0,alt_source_units,0.608306156,False,ALT,18,C18,supplementary_data_8.xlsx,10.1038/s43856-022-00209-1,x_unbound_cmax,source_units,,,,,unknown,,original
published_real,ewart2022_supp8_ALT_C19,Olanzapine,3,10.0,alt_source_units,0.0,False,ALT,19,C19,supplementary_data_8.xlsx,10.1038/s43856-022-00209-1,x_unbound_cmax,source_units,,,,,unknown,,original
published_real,ewart2022_supp8_ALT_C20,Olanzapine,3,30.0,alt_source_units,2.86275486,False,ALT,20,C20,supplementary_data_8.xlsx,10.1038/s43856-022-00209-1,x_unbound_cmax,source_units,,,,,unknown,,original
published_real,ewart2022_supp8_ALT_C21,Olanzapine,3,30.0,alt_source_units,0.0,False,ALT,21,C21,supplementary_data_8.xlsx,10.1038/s43856-022-00209-1,x_unbound_cmax,source_units,,,,,unknown,,original
published_real,ewart2022_supp8_ALT_C22,Olanzapine,3,100.0,alt_source_units,0.0,False,ALT,22,C22,supplementary_data_8.xlsx,10.1038/s43856-022-00209-1,x_unbound_cmax,source_units,,,,,unknown,,original
published_real,ewart2022_supp8_ALT_C23,Olanzapine,3,100.0,alt_source_units,1.233301836,False,ALT,23,C23,supplementary_data_8.xlsx,10.1038/s43856-022-00209-1,x_unbound_cmax,source_units,,,,,unknown,,original
published_real,ewart2022_supp8_ALT_C24,Olanzapine,3,300.0,alt_source_units,0.0,False,ALT,24,C24,supplementary_data_8.xlsx,10.1038/s43856-022-00209-1,x_unbound_cmax,source_units,,,,,unknown,,original
published_real,ewart2022_supp8_ALT_C25,Olanzapine,3,300.0,alt_source_units,0.0,False,ALT,25,C25,supplementary_data_8.xlsx,10.1038/s43856-022-00209-1,x_unbound_cmax,source_units,,,,,unknown,,original
published_real,ewart2022_supp8_ALT_C26,Troglitazone,3,0.98,alt_source_units,0.0,False,ALT,26,C26,supplementary_data_8.xlsx,10.1038/s43856-022-00209-1,x_unbound_cmax,source_units,,,,,unknown,,original
published_real,ewart2022_supp8_ALT_C27,Troglitazone,3,0.98,alt_source_units,0.0,False,ALT,27,C27,supplementary_data_8.xlsx,10.1038/s43856-022-00209-1,x_unbound_cmax,source_units,,,,,unknown,,original
published_real,ewart2022_supp8_ALT_C28,Troglitazone,3,2.95,alt_source_units,0.0,False,ALT,28,C28,supplementary_data_8.xlsx,10.1038/s43856-022-00209-1,x_unbound_cmax,source_units,,,,,unknown,,original
published_real,ewart2022_supp8_ALT_C29,Troglitazone,3,2.95,alt_source_units,0.66379174,False,ALT,29,C29,supplementary_data_8.xlsx,10.1038/s43856-022-00209-1,x_unbound_cmax,source_units,,,,,unknown,,original
published_real,ewart2022_supp8_ALT_C30,Troglitazone,3,9.82,alt_source_units,0.0,False,ALT,30,C30,supplementary_data_8.xlsx,10.1038/s43856-022-00209-1,x_unbound_cmax,source_units,,,,,unknown,,original
published_real,ewart2022_supp8_ALT_C31,Troglitazone,3,9.82,alt_source_units,0.0,False,ALT,31,C31,supplementary_data_8.xlsx,10.1038/s43856-022-00209-1,x_unbound_cmax,source_units,,,,,unknown,,original
published_real,ewart2022_supp8_ALT_C32,Troglitazone,3,29.47,alt_source_units,0.0,False,ALT,32,C32,supplementary_data_8.xlsx,10.1038/s43856-022-00209-1,x_unbound_cmax,source_units,,,,,unknown,,original
published_real,ewart2022_supp8_ALT_C33,Troglitazone,3,29.47,alt_source_units,0.159513103,False,ALT,33,C33,supplementary_data_8.xlsx,10.1038/s43856-022-00209-1,x_unbound_cmax,source_units,,,,,unknown,,original
published_real,ewart2022_supp8_ALT_C34,Troglitazone,3,98.2,alt_source_units,0.0,False,ALT,34,C34,supplementary_data_8.xlsx,10.1038/s43856-022-00209-1,x_unbound_cmax,source_units,,,,,unknown,,original
published_real,ewart2022_supp8_ALT_C35,Troglitazone,3,98.2,alt_source_units,0.0,False,ALT,35,C35,supplementary_data_8.xlsx,10.1038/s43856-022-00209-1,x_unbound_cmax,source_units,,,,,unknown,,original
published_real,ewart2022_supp8_ALT_C36,Troglitazone,3,294.72,alt_source_units,,True,ALT,36,C36,supplementary_data_8.xlsx,10.1038/s43856-022-00209-1,x_unbound_cmax,source_units,,,,,unknown,not_reported,original
published_real,ewart2022_supp8_ALT_C37,Troglitazone,3,294.72,alt_source_units,,True,ALT,37,C37,supplementary_data_8.xlsx,10.1038/s43856-022-00209-1,x_unbound_cmax,source_units,,,,,unknown,not_reported,original
published_real,ewart2022_supp8_ALT_C38,Pioglitazone,3,1.0,alt_source_units,0.0,False,ALT,38,C38,supplementary_data_8.xlsx,10.1038/s43856-022-00209-1,x_unbound_cmax,source_units,,,,,unknown,,original
published_real,ewart2022_supp8_ALT_C39,Pioglitazone,3,1.0,alt_source_units,0.0,False,ALT,39,C39,supplementary_data_8.xlsx,10.1038/s43856-022-00209-1,x_unbound_cmax,source_units,,,,,unknown,,original
published_real,ewart2022_supp8_ALT_C40,Pioglitazone,3,3.0,alt_source_units,0.159513103,False,ALT,40,C40,supplementary_data_8.xlsx,10.1038/s43856-022-00209-1,x_unbound_cmax,source_units,,,,,unknown,,original
published_real,ewart2022_supp8_ALT_C41,Pioglitazone,3,3.0,alt_source_units,1.189995536,False,ALT,41,C41,supplementary_data_8.xlsx,10.1038/s43856-022-00209-1,x_unbound_cmax,source_units,,,,,unknown,,original
published_real,ewart2022_supp8_ALT_C42,Pioglitazone,3,10.0,alt_source_units,0.006036996,False,ALT,42,C42,supplementary_data_8.xlsx,10.1038/s43856-022-00209-1,x_unbound_cmax,source_units,,,,,unknown,,original
published_real,ewart2022_supp8_ALT_C43,Pioglitazone,3,10.0,alt_source_units,0.0,False,ALT,43,C43,supplementary_data_8.xlsx,10.1038/s43856-022-00209-1,x_unbound_cmax,source_units,,,,,unknown,,original
published_real,ewart2022_supp8_ALT_C44,Pioglitazone,3,30.0,alt_source_units,0.291064052,False,ALT,44,C44,supplementary_data_8.xlsx,10.1038/s43856-022-00209-1,x_unbound_cmax,source_units,,,,,unknown,,original
published_real,ewart2022_supp8_ALT_C45,Pioglitazone,3,30.0,alt_source_units,0.0,False,ALT,45,C45,supplementary_data_8.xlsx,10.1038/s43856-022-00209-1,x_unbound_cmax,source_units,,,,,unknown,,original
published_real,ewart2022_supp8_ALT_C46,Pioglitazone,3,100.0,alt_source_units,0.422615001,False,ALT,46,C46,supplementary_data_8.xlsx,10.1038/s43856-022-00209-1,x_unbound_cmax,source_units,,,,,unknown,,original
published_real,ewart2022_supp8_ALT_C47,Pioglitazone,3,100.0,alt_source_units,0.0,False,ALT,47,C47,supplementary_data_8.xlsx,10.1038/s43856-022-00209-1,x_unbound_cmax,source_units,,,,,unknown,,original
published_real,ewart2022_supp8_ALT_C48,Pioglitazone,3,300.0,alt_source_units,0.0,False,ALT,48,C48,supplementary_data_8.xlsx,10.1038/s43856-022-00209-1,x_unbound_cmax,source_units,,,,,unknown,,original
published_real,ewart2022_supp8_ALT_C49,Pioglitazone,3,300.0,alt_source_units,0.751492373,False,ALT,49,C49,supplementary_data_8.xlsx,10.1038/s43856-022-00209-1,x_unbound_cmax,source_units,,,,,unknown,,original
published_real,ewart2022_supp8_ALT_C50,Trovafloxacin,3,1.0,alt_source_units,2.232551412,False,ALT,50,C50,supplementary_data_8.xlsx,10.1038/s43856-022-00209-1,x_unbound_cmax,source_units,,,,,unknown,,original
published_real,ewart2022_supp8_ALT_C51,Trovafloxacin,3,1.0,alt_source_units,0.695136107,False,ALT,51,C51,supplementary_data_8.xlsx,10.1038/s43856-022-00209-1,x_unbound_cmax,source_units,,,,,unknown,,original
published_real,ewart2022_supp8_ALT_C52,Trovafloxacin,3,3.0,alt_source_units,0.947547575,False,ALT,52,C52,supplementary_data_8.xlsx,10.1038/s43856-022-00209-1,x_unbound_cmax,source_units,,,,,unknown,,original
published_real,ewart2022_supp8_ALT_C53,Trovafloxacin,3,3.0,alt_source_units,1.154066049,False,ALT,53,C53,supplementary_data_8.xlsx,10.1038/s43856-022-00209-1,x_unbound_cmax,source_units,,,,,unknown,,original
published_real,ewart2022_supp8_ALT_C54,Trovafloxacin,3,10.0,alt_source_units,0.718082604,False,ALT,54,C54,supplementary_data_8.xlsx,10.1038/s43856-022-00209-1,x_unbound_cmax,source_units,,,,,unknown,,original
published_real,ewart2022_supp8_ALT_C55,Trovafloxacin,3,10.0,alt_source_units,1.704781979,False,ALT,55,C55,supplementary_data_8.xlsx,10.1038/s43856-022-00209-1,x_unbound_cmax,source_units,,,,,unknown,,original
published_real,ewart2022_supp8_ALT_C56,Trovafloxacin,3,30.0,alt_source_units,1.177012546,False,ALT,56,C56,supplementary_data_8.xlsx,10.1038/s43856-022-00209-1,x_unbound_cmax,source_units,,,,,unknown,,original
published_real,ewart2022_supp8_ALT_C57,Trovafloxacin,3,30.0,alt_source_units,1.93424695,False,ALT,57,C57,supplementary_data_8.xlsx,10.1038/s43856-022-00209-1,x_unbound_cmax,source_units,,,,,unknown,,original
published_real,ewart2022_supp8_ALT_C58,Trovafloxacin,3,100.0,alt_source_units,30.06665238,False,ALT,58,C58,supplementary_data_8.xlsx,10.1038/s43856-022-00209-1,x_unbound_cmax,source_units,,,,,unknown,,original
published_real,ewart2022_supp8_ALT_C59,Trovafloxacin,3,100.0,alt_source_units,13.3616025,False,ALT,59,C59,supplementary_data_8.xlsx,10.1038/s43856-022-00209-1,x_unbound_cmax,source_units,,,,,unknown,,original
published_real,ewart2022_supp8_ALT_C60,Trovafloxacin,3,300.0,alt_source_units,19.37358473,False,ALT,60,C60,supplementary_data_8.xlsx,10.1038/s43856-022-00209-1,x_unbound_cmax,source_units,,,,,unknown,,original
published_real,ewart2022_supp8_ALT_C61,Trovafloxacin,3,300.0,alt_source_units,15.61035921,False,ALT,61,C61,supplementary_data_8.xlsx,10.1038/s43856-022-00209-1,x_unbound_cmax,source_units,,,,,unknown,,original
published_real,ewart2022_supp8_ALT_C62,Levofloxacin,3,1.0,alt_source_units,0.0,False,ALT,62,C62,supplementary_data_8.xlsx,10.1038/s43856-022-00209-1,x_unbound_cmax,source_units,,,,,unknown,,original
published_real,ewart2022_supp8_ALT_C63,Levofloxacin,3,1.0,alt_source_units,0.0,False,ALT,63,C63,supplementary_data_8.xlsx,10.1038/s43856-022-00209-1,x_unbound_cmax,source_units,,,,,unknown,,original
published_real,ewart2022_supp8_ALT_C64,Levofloxacin,3,3.0,alt_source_units,0.0,False,ALT,64,C64,supplementary_data_8.xlsx,10.1038/s43856-022-00209-1,x_unbound_cmax,source_units,,,,,unknown,,original
published_real,ewart2022_supp8_ALT_C65,Levofloxacin,3,3.0,alt_source_units,0.0,False,ALT,65,C65,supplementary_data_8.xlsx,10.1038/s43856-022-00209-1,x_unbound_cmax,source_units,,,,,unknown,,original
published_real,ewart2022_supp8_ALT_C66,Levofloxacin,3,10.0,alt_source_units,1.322586934,False,ALT,66,C66,supplementary_data_8.xlsx,10.1038/s43856-022-00209-1,x_unbound_cmax,source_units,,,,,unknown,,original
published_real,ewart2022_supp8_ALT_C67,Levofloxacin,3,10.0,alt_source_units,0.340450865,False,ALT,67,C67,supplementary_data_8.xlsx,10.1038/s43856-022-00209-1,x_unbound_cmax,source_units,,,,,unknown,,original
published_real,ewart2022_supp8_ALT_C68,Levofloxacin,3,15.0,alt_source_units,0.0,False,ALT,68,C68,supplementary_data_8.xlsx,10.1038/s43856-022-00209-1,x_unbound_cmax,source_units,,,,,unknown,,original
published_real,ewart2022_supp8_ALT_C69,Levofloxacin,3,15.0,alt_source_units,0.072595573,False,ALT,69,C69,supplementary_data_8.xlsx,10.1038/s43856-022-00209-1,x_unbound_cmax,source_units,,,,,unknown,,original
published_real,ewart2022_supp8_ALT_C70,Levofloxacin,3,45.0,alt_source_units,0.0,False,ALT,70,C70,supplementary_data_8.xlsx,10.1038/s43856-022-00209-1,x_unbound_cmax,source_units,,,,,unknown,,original
published_real,ewart2022_supp8_ALT_C71,Levofloxacin,3,45.0,alt_source_units,0.0,False,ALT,71,C71,supplementary_data_8.xlsx,10.1038/s43856-022-00209-1,x_unbound_cmax,source_units,,,,,unknown,,original
published_real,ewart2022_supp8_Morphology_C2,Clozapine,3,1.0,morphology_score,1.333333333,False,Morphology,2,C2,supplementary_data_8.xlsx,10.1038/s43856-022-00209-1,x_unbound_cmax,source_units,,,,,unknown,,original
published_real,ewart2022_supp8_Morphology_C3,Clozapine,3,1.0,morphology_score,1.666666667,False,Morphology,3,C3,supplementary_data_8.xlsx,10.1038/s43856-022-00209-1,x_unbound_cmax,source_units,,,,,unknown,,original
published_real,ewart2022_supp8_Morphology_C4,Clozapine,3,3.0,morphology_score,1.666666667,False,Morphology,4,C4,supplementary_data_8.xlsx,10.1038/s43856-022-00209-1,x_unbound_cmax,source_units,,,,,unknown,,original
published_real,ewart2022_supp8_Morphology_C5,Clozapine,3,3.0,morphology_score,0.666666667,False,Morphology,5,C5,supplementary_data_8.xlsx,10.1038/s43856-022-00209-1,x_unbound_cmax,source_units,,,,,unknown,,original
published_real,ewart2022_supp8_Morphology_C6,Clozapine,3,10.0,morphology_score,1.666666667,False,Morphology,6,C6,supplementary_data_8.xlsx,10.1038/s43856-022-00209-1,x_unbound_cmax,source_units,,,,,unknown,,original
published_real,ewart2022_supp8_Morphology_C7,Clozapine,3,10.0,morphology_score,1.0,False,Morphology,7,C7,supplementary_data_8.xlsx,10.1038/s43856-022-00209-1,x_unbound_cmax,source_units,,,,,unknown,,original
published_real,ewart2022_supp8_Morphology_C8,Clozapine,3,30.0,morphology_score,1.666666667,False,Morphology,8,C8,supplementary_data_8.xlsx,10.1038/s43856-022-00209-1,x_unbound_cmax,source_units,,,,,unknown,,original
published_real,ewart2022_supp8_Morphology_C9,Clozapine,3,30.0,morphology_score,1.333333333,False,Morphology,9,C9,supplementary_data_8.xlsx,10.1038/s43856-022-00209-1,x_unbound_cmax,source_units,,,,,unknown,,original
published_real,ewart2022_supp8_Morphology_C10,Clozapine,3,100.0,morphology_score,2.5,False,Morphology,10,C10,supplementary_data_8.xlsx,10.1038/s43856-022-00209-1,x_unbound_cmax,source_units,,,,,unknown,,original
published_real,ewart2022_supp8_Morphology_C11,Clozapine,3,100.0,morphology_score,3.0,False,Morphology,11,C11,supplementary_data_8.xlsx,10.1038/s43856-022-00209-1,x_unbound_cmax,source_units,,,,,unknown,,original
published_real,ewart2022_supp8_Morphology_C12,Clozapine,3,300.0,morphology_score,4.0,False,Morphology,12,C12,supplementary_data_8.xlsx,10.1038/s43856-022-00209-1,x_unbound_cmax,source_units,,,,,unknown,,original
published_real,ewart2022_supp8_Morphology_C13,Clozapine,3,300.0,morphology_score,3.0,False,Morphology,13,C13,supplementary_data_8.xlsx,10.1038/s43856-022-00209-1,x_unbound_cmax,source_units,,,,,unknown,,original
published_real,ewart2022_supp8_Morphology_C14,Olanzapine,3,1.0,morphology_score,2.0,False,Morphology,14,C14,supplementary_data_8.xlsx,10.1038/s43856-022-00209-1,x_unbound_cmax,source_units,,,,,unknown,,original
published_real,ewart2022_supp8_Morphology_C15,Olanzapine,3,1.0,morphology_score,1.0,False,Morphology,15,C15,supplementary_data_8.xlsx,10.1038/s43856-022-00209-1,x_unbound_cmax,source_units,,,,,unknown,,original
published_real,ewart2022_supp8_Morphology_C16,Olanzapine,3,3.0,morphology_score,1.333333333,False,Morphology,16,C16,supplementary_data_8.xlsx,10.1038/s43856-022-00209-1,x_unbound_cmax,source_units,,,,,unknown,,original
published_real,ewart2022_supp8_Morphology_C17,Olanzapine,3,3.0,morphology_score,1.0,False,Morphology,17,C17,supplementary_data_8.xlsx,10.1038/s43856-022-00209-1,x_unbound_cmax,source_units,,,,,unknown,,original
published_real,ewart2022_supp8_Morphology_C18,Olanzapine,3,10.0,morphology_score,2.0,False,Morphology,18,C18,supplementary_data_8.xlsx,10.1038/s43856-022-00209-1,x_unbound_cmax,source_units,,,,,unknown,,original
published_real,ewart2022_supp8_Morphology_C19,Olanzapine,3,10.0,morphology_score,1.0,False,Morphology,19,C19,supplementary_data_8.xlsx,10.1038/s43856-022-00209-1,x_unbound_cmax,source_units,,,,,unknown,,original
published_real,ewart2022_supp8_Morphology_C20,Olanzapine,3,30.0,morphology_score,2.0,False,Morphology,20,C20,supplementary_data_8.xlsx,10.1038/s43856-022-00209-1,x_unbound_cmax,source_units,,,,,unknown,,original
published_real,ewart2022_supp8_Morphology_C21,Olanzapine,3,30.0,morphology_score,2.0,False,Morphology,21,C21,supplementary_data_8.xlsx,10.1038/s43856-022-00209-1,x_unbound_cmax,source_units,,,,,unknown,,original
published_real,ewart2022_supp8_Morphology_C22,Olanzapine,3,100.0,morphology_score,1.666666667,False,Morphology,22,C22,supplementary_data_8.xlsx,10.1038/s43856-022-00209-1,x_unbound_cmax,source_units,,,,,unknown,,original
published_real,ewart2022_supp8_Morphology_C23,Olanzapine,3,100.0,morphology_score,1.333333333,False,Morphology,23,C23,supplementary_data_8.xlsx,10.1038/s43856-022-00209-1,x_unbound_cmax,source_units,,,,,unknown,,original
published_real,ewart2022_supp8_Morphology_C24,Olanzapine,3,300.0,morphology_score,1.333333333,False,Morphology,24,C24,supplementary_data_8.xlsx,10.1038/s43856-022-00209-1,x_unbound_cmax,source_units,,,,,unknown,,original
published_real,ewart2022_supp8_Morphology_C25,Olanzapine,3,300.0,morphology_score,2.0,False,Morphology,25,C25,supplementary_data_8.xlsx,10.1038/s43856-022-00209-1,x_unbound_cmax,source_units,,,,,unknown,,original
published_real,ewart2022_supp8_Morphology_C26,Troglitazone,3,0.98,morphology_score,2.0,False,Morphology,26,C26,supplementary_data_8.xlsx,10.1038/s43856-022-00209-1,x_unbound_cmax,source_units,,,,,unknown,,original
published_real,ewart2022_supp8_Morphology_C27,Troglitazone,3,0.98,morphology_score,1.333333333,False,Morphology,27,C27,supplementary_data_8.xlsx,10.1038/s43856-022-00209-1,x_unbound_cmax,source_units,,,,,unknown,,original
published_real,ewart2022_supp8_Morphology_C28,Troglitazone,3,2.95,morphology_score,1.333333333,False,Morphology,28,C28,supplementary_data_8.xlsx,10.1038/s43856-022-00209-1,x_unbound_cmax,source_units,,,,,unknown,,original
published_real,ewart2022_supp8_Morphology_C29,Troglitazone,3,2.95,morphology_score,1.333333333,False,Morphology,29,C29,supplementary_data_8.xlsx,10.1038/s43856-022-00209-1,x_unbound_cmax,source_units,,,,,unknown,,original
published_real,ewart2022_supp8_Morphology_C30,Troglitazone,3,9.82,morphology_score,2.0,False,Morphology,30,C30,supplementary_data_8.xlsx,10.1038/s43856-022-00209-1,x_unbound_cmax,source_units,,,,,unknown,,original
published_real,ewart2022_supp8_Morphology_C31,Troglitazone,3,9.82,morphology_score,1.333333333,False,Morphology,31,C31,supplementary_data_8.xlsx,10.1038/s43856-022-00209-1,x_unbound_cmax,source_units,,,,,unknown,,original
published_real,ewart2022_supp8_Morphology_C32,Troglitazone,3,29.47,morphology_score,1.333333333,False,Morphology,32,C32,supplementary_data_8.xlsx,10.1038/s43856-022-00209-1,x_unbound_cmax,source_units,,,,,unknown,,original
published_real,ewart2022_supp8_Morphology_C33,Troglitazone,3,29.47,morphology_score,2.0,False,Morphology,33,C33,supplementary_data_8.xlsx,10.1038/s43856-022-00209-1,x_unbound_cmax,source_units,,,,,unknown,,original
published_real,ewart2022_supp8_Morphology_C34,Troglitazone,3,98.2,morphology_score,2.0,False,Morphology,34,C34,supplementary_data_8.xlsx,10.1038/s43856-022-00209-1,x_unbound_cmax,source_units,,,,,unknown,,original
published_real,ewart2022_supp8_Morphology_C35,Troglitazone,3,98.2,morphology_score,2.0,False,Morphology,35,C35,supplementary_data_8.xlsx,10.1038/s43856-022-00209-1,x_unbound_cmax,source_units,,,,,unknown,,original
published_real,ewart2022_supp8_Morphology_C36,Troglitazone,3,294.72,morphology_score,,True,Morphology,36,C36,supplementary_data_8.xlsx,10.1038/s43856-022-00209-1,x_unbound_cmax,source_units,,,,,unknown,not_reported,original
published_real,ewart2022_supp8_Morphology_C37,Troglitazone,3,294.72,morphology_score,,True,Morphology,37,C37,supplementary_data_8.xlsx,10.1038/s43856-022-00209-1,x_unbound_cmax,source_units,,,,,unknown,not_reported,original
published_real,ewart2022_supp8_Morphology_C38,Pioglitazone,3,1.0,morphology_score,1.166666667,False,Morphology,38,C38,supplementary_data_8.xlsx,10.1038/s43856-022-00209-1,x_unbound_cmax,source_units,,,,,unknown,,original
published_real,ewart2022_supp8_Morphology_C39,Pioglitazone,3,1.0,morphology_score,1.0,False,Morphology,39,C39,supplementary_data_8.xlsx,10.1038/s43856-022-00209-1,x_unbound_cmax,source_units,,,,,unknown,,original
published_real,ewart2022_supp8_Morphology_C40,Pioglitazone,3,3.0,morphology_score,1.166666667,False,Morphology,40,C40,supplementary_data_8.xlsx,10.1038/s43856-022-00209-1,x_unbound_cmax,source_units,,,,,unknown,,original
published_real,ewart2022_supp8_Morphology_C41,Pioglitazone,3,3.0,morphology_score,1.333333333,False,Morphology,41,C41,supplementary_data_8.xlsx,10.1038/s43856-022-00209-1,x_unbound_cmax,source_units,,,,,unknown,,original
published_real,ewart2022_supp8_Morphology_C42,Pioglitazone,3,10.0,morphology_score,2.0,False,Morphology,42,C42,supplementary_data_8.xlsx,10.1038/s43856-022-00209-1,x_unbound_cmax,source_units,,,,,unknown,,original
published_real,ewart2022_supp8_Morphology_C43,Pioglitazone,3,10.0,morphology_score,1.333333333,False,Morphology,43,C43,supplementary_data_8.xlsx,10.1038/s43856-022-00209-1,x_unbound_cmax,source_units,,,,,unknown,,original
published_real,ewart2022_supp8_Morphology_C44,Pioglitazone,3,30.0,morphology_score,1.833333333,False,Morphology,44,C44,supplementary_data_8.xlsx,10.1038/s43856-022-00209-1,x_unbound_cmax,source_units,,,,,unknown,,original
published_real,ewart2022_supp8_Morphology_C45,Pioglitazone,3,30.0,morphology_score,1.333333333,False,Morphology,45,C45,supplementary_data_8.xlsx,10.1038/s43856-022-00209-1,x_unbound_cmax,source_units,,,,,unknown,,original
published_real,ewart2022_supp8_Morphology_C46,Pioglitazone,3,100.0,morphology_score,2.0,False,Morphology,46,C46,supplementary_data_8.xlsx,10.1038/s43856-022-00209-1,x_unbound_cmax,source_units,,,,,unknown,,original
published_real,ewart2022_supp8_Morphology_C47,Pioglitazone,3,100.0,morphology_score,1.0,False,Morphology,47,C47,supplementary_data_8.xlsx,10.1038/s43856-022-00209-1,x_unbound_cmax,source_units,,,,,unknown,,original
published_real,ewart2022_supp8_Morphology_C48,Pioglitazone,3,300.0,morphology_score,2.0,False,Morphology,48,C48,supplementary_data_8.xlsx,10.1038/s43856-022-00209-1,x_unbound_cmax,source_units,,,,,unknown,,original
published_real,ewart2022_supp8_Morphology_C49,Pioglitazone,3,300.0,morphology_score,2.0,False,Morphology,49,C49,supplementary_data_8.xlsx,10.1038/s43856-022-00209-1,x_unbound_cmax,source_units,,,,,unknown,,original
published_real,ewart2022_supp8_Morphology_C50,Trovafloxacin,3,1.0,morphology_score,1.166666667,False,Morphology,50,C50,supplementary_data_8.xlsx,10.1038/s43856-022-00209-1,x_unbound_cmax,source_units,,,,,unknown,,original
published_real,ewart2022_supp8_Morphology_C51,Trovafloxacin,3,1.0,morphology_score,1.333333333,False,Morphology,51,C51,supplementary_data_8.xlsx,10.1038/s43856-022-00209-1,x_unbound_cmax,source_units,,,,,unknown,,original
published_real,ewart2022_supp8_Morphology_C52,Trovafloxacin,3,3.0,morphology_score,1.0,False,Morphology,52,C52,supplementary_data_8.xlsx,10.1038/s43856-022-00209-1,x_unbound_cmax,source_units,,,,,unknown,,original
published_real,ewart2022_supp8_Morphology_C53,Trovafloxacin,3,3.0,morphology_score,1.0,False,Morphology,53,C53,supplementary_data_8.xlsx,10.1038/s43856-022-00209-1,x_unbound_cmax,source_units,,,,,unknown,,original
published_real,ewart2022_supp8_Morphology_C54,Trovafloxacin,3,10.0,morphology_score,1.333333333,False,Morphology,54,C54,supplementary_data_8.xlsx,10.1038/s43856-022-00209-1,x_unbound_cmax,source_units,,,,,unknown,,original
published_real,ewart2022_supp8_Morphology_C55,Trovafloxacin,3,10.0,morphology_score,2.166666667,False,Morphology,55,C55,supplementary_data_8.xlsx,10.1038/s43856-022-00209-1,x_unbound_cmax,source_units,,,,,unknown,,original
published_real,ewart2022_supp8_Morphology_C56,Trovafloxacin,3,30.0,morphology_score,2.0,False,Morphology,56,C56,supplementary_data_8.xlsx,10.1038/s43856-022-00209-1,x_unbound_cmax,source_units,,,,,unknown,,original
published_real,ewart2022_supp8_Morphology_C57,Trovafloxacin,3,30.0,morphology_score,2.166666667,False,Morphology,57,C57,supplementary_data_8.xlsx,10.1038/s43856-022-00209-1,x_unbound_cmax,source_units,,,,,unknown,,original
published_real,ewart2022_supp8_Morphology_C58,Trovafloxacin,3,100.0,morphology_score,4.0,False,Morphology,58,C58,supplementary_data_8.xlsx,10.1038/s43856-022-00209-1,x_unbound_cmax,source_units,,,,,unknown,,original
published_real,ewart2022_supp8_Morphology_C59,Trovafloxacin,3,100.0,morphology_score,2.333333333,False,Morphology,59,C59,supplementary_data_8.xlsx,10.1038/s43856-022-00209-1,x_unbound_cmax,source_units,,,,,unknown,,original
published_real,ewart2022_supp8_Morphology_C60,Trovafloxacin,3,300.0,morphology_score,3.0,False,Morphology,60,C60,supplementary_data_8.xlsx,10.1038/s43856-022-00209-1,x_unbound_cmax,source_units,,,,,unknown,,original
published_real,ewart2022_supp8_Morphology_C61,Trovafloxacin,3,300.0,morphology_score,3.166666667,False,Morphology,61,C61,supplementary_data_8.xlsx,10.1038/s43856-022-00209-1,x_unbound_cmax,source_units,,,,,unknown,,original
published_real,ewart2022_supp8_Morphology_C62,Levofloxacin,3,1.0,morphology_score,2.0,False,Morphology,62,C62,supplementary_data_8.xlsx,10.1038/s43856-022-00209-1,x_unbound_cmax,source_units,,,,,unknown,,original
published_real,ewart2022_supp8_Morphology_C63,Levofloxacin,3,1.0,morphology_score,1.0,False,Morphology,63,C63,supplementary_data_8.xlsx,10.1038/s43856-022-00209-1,x_unbound_cmax,source_units,,,,,unknown,,original
published_real,ewart2022_supp8_Morphology_C64,Levofloxacin,3,3.0,morphology_score,1.833333333,False,Morphology,64,C64,supplementary_data_8.xlsx,10.1038/s43856-022-00209-1,x_unbound_cmax,source_units,,,,,unknown,,original
published_real,ewart2022_supp8_Morphology_C65,Levofloxacin,3,3.0,morphology_score,1.333333333,False,Morphology,65,C65,supplementary_data_8.xlsx,10.1038/s43856-022-00209-1,x_unbound_cmax,source_units,,,,,unknown,,original
published_real,ewart2022_supp8_Morphology_C66,Levofloxacin,3,10.0,morphology_score,1.666666667,False,Morphology,66,C66,supplementary_data_8.xlsx,10.1038/s43856-022-00209-1,x_unbound_cmax,source_units,,,,,unknown,,original
published_real,ewart2022_supp8_Morphology_C67,Levofloxacin,3,10.0,morphology_score,1.666666667,False,Morphology,67,C67,supplementary_data_8.xlsx,10.1038/s43856-022-00209-1,x_unbound_cmax,source_units,,,,,unknown,,original
published_real,ewart2022_supp8_Morphology_C68,Levofloxacin,3,15.0,morphology_score,1.333333333,False,Morphology,68,C68,supplementary_data_8.xlsx,10.1038/s43856-022-00209-1,x_unbound_cmax,source_units,,,,,unknown,,original
published_real,ewart2022_supp8_Morphology_C69,Levofloxacin,3,15.0,morphology_score,1.333333333,False,Morphology,69,C69,supplementary_data_8.xlsx,10.1038/s43856-022-00209-1,x_unbound_cmax,source_units,,,,,unknown,,original
published_real,ewart2022_supp8_Morphology_C70,Levofloxacin,3,45.0,morphology_score,1.666666667,False,Morphology,70,C70,supplementary_data_8.xlsx,10.1038/s43856-022-00209-1,x_unbound_cmax,source_units,,,,,unknown,,original
published_real,ewart2022_supp8_Morphology_C71,Levofloxacin,3,45.0,morphology_score,1.666666667,False,Morphology,71,C71,supplementary_data_8.xlsx,10.1038/s43856-022-00209-1,x_unbound_cmax,source_units,,,,,unknown,,original
