dose_cmax_multiple,training_doses,observed_albumin_mean,monotone_prediction,raw_interpolation_prediction,constant_prediction,resampling_lower,resampling_upper,resampling_range_contains_mean,compound
3.0,"[1.0, 10.0, 30.0, 100.0, 300.0]",146.25809622786,131.43794793631827,131.13146087149957,107.35652545036942,122.91152807988101,143.41009625573548,False,Clozapine
10.0,"[1.0, 3.0, 30.0, 100.0, 300.0]",138.136022089058,132.52066767266612,137.65406831864232,108.98094027812981,124.24690812792495,140.79442721740728,True,Clozapine
30.0,"[1.0, 3.0, 10.0, 100.0, 300.0]",129.802985005841,113.00928134967043,113.92851511059969,110.6475476947732,101.10527510414298,121.30989126399018,False,Clozapine
100.0,"[1.0, 3.0, 10.0, 30.0, 300.0]",87.3994289505241,91.58124541837981,91.58124541837981,119.12825890583659,79.86520952839331,102.07652590978485,True,Clozapine
3.0,"[1.0, 10.0, 15.0, 45.0]",123.263132950153,129.8029849223962,123.79180463727833,129.8029849223962,114.79824402667647,154.69661478328402,True,Levofloxacin
10.0,"[1.0, 3.0, 15.0, 45.0]",144.253948033396,124.55528115158542,129.8124613670768,124.55528115158542,112.26668841554523,135.27758465168796,False,Levofloxacin
15.0,"[1.0, 3.0, 10.0, 45.0]",132.01809603346,127.61424415156942,142.51938791062136,127.61424415156942,112.45128104753834,142.49370586259346,True,Levofloxacin
3.0,"[1.0, 10.0, 30.0, 100.0, 300.0]",116.6177995335165,137.5521018997061,137.5521018997061,128.9591330724167,125.38675052449484,153.4308371167935,False,Olanzapine
10.0,"[1.0, 3.0, 30.0, 100.0, 300.0]",134.022244339183,121.6545403599125,114.74256268449112,125.4782441112834,116.45957735302038,127.68370209297228,False,Olanzapine
30.0,"[1.0, 3.0, 10.0, 100.0, 300.0]",113.03142914468,127.4472318298455,132.91504022780396,129.67640715018402,117.48802184611888,137.32941216358287,False,Olanzapine
100.0,"[1.0, 3.0, 10.0, 30.0, 300.0]",131.701651616837,119.14935514464825,119.42929608584271,125.94236265575262,114.13898474193414,123.052170005738,False,Olanzapine
3.0,"[1.0, 10.0, 30.0, 100.0, 300.0]",126.390851386435,105.92175987103685,101.85654442940866,87.89241872688233,104.03175211265285,108.71299963729685,False,Pioglitazone
10.0,"[1.0, 3.0, 30.0, 100.0, 300.0]",98.01324723705315,114.9528443594383,119.96913964629411,90.17451568178367,112.03388447755617,117.78452882201225,False,Pioglitazone
30.0,"[1.0, 3.0, 10.0, 100.0, 300.0]",114.109396463845,90.11147241913477,90.11147241913477,86.15047837508573,87.73922867655348,92.48371616171605,False,Pioglitazone
100.0,"[1.0, 3.0, 10.0, 30.0, 300.0]",81.45189152348061,76.3609051759203,80.2008126335412,94.31485461017681,69.33717360660091,83.38463674523965,True,Pioglitazone
2.95,"[0.98, 9.82, 29.47, 98.2, 294.72]",100.5253630444887,94.05998294148674,92.84392819719989,74.46564569139426,86.73371060256719,105.6426359567165,True,Troglitazone
9.82,"[0.98, 2.95, 29.47, 98.2, 294.72]",89.63952813854075,95.69770195717486,87.44766260915463,76.64281267258384,87.93713264483954,103.85159045412556,True,Troglitazone
29.47,"[0.98, 2.95, 9.82, 98.2, 294.72]",75.49724671252795,99.33908619723299,100.03046360883874,79.4712689577864,84.42921392895695,107.38716078281388,False,Troglitazone
98.2,"[0.98, 2.95, 9.82, 29.47, 294.72]",111.4111980616967,36.03363196893437,36.03363196893437,72.28847868795265,31.282067883903423,40.78519605396533,False,Troglitazone
3.0,"[1.0, 10.0, 30.0, 100.0, 300.0]",107.19565524894901,108.3080455085059,105.65574879609488,78.1607932441656,100.33676487171776,116.27932614529402,True,Trovafloxacin
10.0,"[1.0, 3.0, 30.0, 100.0, 300.0]",95.6501284803616,106.97206600162586,106.97206600162586,80.46989859788309,101.4228918646555,112.47721561091858,False,Trovafloxacin
30.0,"[1.0, 3.0, 10.0, 100.0, 300.0]",106.76804320822,71.5244293778394,71.5244293778394,78.24631565231141,61.142962952921124,81.90589580275768,False,Trovafloxacin
100.0,"[1.0, 3.0, 10.0, 30.0, 300.0]",45.08499673686485,63.198907894530684,65.85120460694169,90.58292494658244,58.301979859297084,67.91731595678007,False,Trovafloxacin
