compound,kind,label,state,crossing,changed,log10_location_shift,original_state,original_crossing,source_record_ids,source_cells,affected_values,interpretation,scenario_id,affected_dose,model_name,probe_value,remaining_dose_range,coverage_removed
Clozapine,model,raw_interpolation,right_censored,,False,,right_censored,,[],[],[],Alternative assumption or explicitly hypothetical missing value.,model:raw_interpolation,,raw_interpolation,,"[1.0, 300.0]",False
Clozapine,model,logistic,right_censored,,False,,right_censored,,[],[],[],Alternative assumption or explicitly hypothetical missing value.,model:logistic,,logistic,,"[1.0, 300.0]",False
Clozapine,reading_deletion,dose=1;reading=1,right_censored,,False,,right_censored,,"[""ewart2022_supp8_ALBUMIN_C2""]","[""ALBUMIN!C2""]",[135.709948005764],Temporary deletion measures influence; no original observation is excluded or labelled erroneous.,reading_deletion:ewart2022_supp8_ALBUMIN_C2,1.0,isotonic,,"[1.0, 300.0]",False
Clozapine,reading_deletion,dose=1;reading=2,right_censored,,False,,right_censored,,"[""ewart2022_supp8_ALBUMIN_C3""]","[""ALBUMIN!C3""]",[113.769799561393],Temporary deletion measures influence; no original observation is excluded or labelled erroneous.,reading_deletion:ewart2022_supp8_ALBUMIN_C3,1.0,isotonic,,"[1.0, 300.0]",False
Clozapine,dose_deletion,dose=1,right_censored,,False,,right_censored,,"[""ewart2022_supp8_ALBUMIN_C2"", ""ewart2022_supp8_ALBUMIN_C3""]","[""ALBUMIN!C2"", ""ALBUMIN!C3""]","[135.709948005764, 113.769799561393]",Temporary deletion measures influence; no original observation is excluded or labelled erroneous.,dose_deletion:1.0,1.0,isotonic,,"[3.0, 300.0]",False
Clozapine,reading_deletion,dose=3;reading=1,right_censored,,False,,right_censored,,"[""ewart2022_supp8_ALBUMIN_C4""]","[""ALBUMIN!C4""]",[134.233207172339],Temporary deletion measures influence; no original observation is excluded or labelled erroneous.,reading_deletion:ewart2022_supp8_ALBUMIN_C4,3.0,isotonic,,"[1.0, 300.0]",False
Clozapine,reading_deletion,dose=3;reading=2,right_censored,,False,,right_censored,,"[""ewart2022_supp8_ALBUMIN_C5""]","[""ALBUMIN!C5""]",[158.282985283381],Temporary deletion measures influence; no original observation is excluded or labelled erroneous.,reading_deletion:ewart2022_supp8_ALBUMIN_C5,3.0,isotonic,,"[1.0, 300.0]",False
Clozapine,dose_deletion,dose=3,right_censored,,False,,right_censored,,"[""ewart2022_supp8_ALBUMIN_C4"", ""ewart2022_supp8_ALBUMIN_C5""]","[""ALBUMIN!C4"", ""ALBUMIN!C5""]","[134.233207172339, 158.282985283381]",Temporary deletion measures influence; no original observation is excluded or labelled erroneous.,dose_deletion:3.0,3.0,isotonic,,"[1.0, 300.0]",False
Clozapine,reading_deletion,dose=10;reading=1,right_censored,,False,,right_censored,,"[""ewart2022_supp8_ALBUMIN_C6""]","[""ALBUMIN!C6""]",[125.161799672409],Temporary deletion measures influence; no original observation is excluded or labelled erroneous.,reading_deletion:ewart2022_supp8_ALBUMIN_C6,10.0,isotonic,,"[1.0, 300.0]",False
Clozapine,reading_deletion,dose=10;reading=2,right_censored,,False,,right_censored,,"[""ewart2022_supp8_ALBUMIN_C7""]","[""ALBUMIN!C7""]",[151.110244505707],Temporary deletion measures influence; no original observation is excluded or labelled erroneous.,reading_deletion:ewart2022_supp8_ALBUMIN_C7,10.0,isotonic,,"[1.0, 300.0]",False
Clozapine,dose_deletion,dose=10,right_censored,,False,,right_censored,,"[""ewart2022_supp8_ALBUMIN_C6"", ""ewart2022_supp8_ALBUMIN_C7""]","[""ALBUMIN!C6"", ""ALBUMIN!C7""]","[125.161799672409, 151.110244505707]",Temporary deletion measures influence; no original observation is excluded or labelled erroneous.,dose_deletion:10.0,10.0,isotonic,,"[1.0, 300.0]",False
Clozapine,reading_deletion,dose=30;reading=1,right_censored,,False,,right_censored,,"[""ewart2022_supp8_ALBUMIN_C8""]","[""ALBUMIN!C8""]",[140.140170283521],Temporary deletion measures influence; no original observation is excluded or labelled erroneous.,reading_deletion:ewart2022_supp8_ALBUMIN_C8,30.0,isotonic,,"[1.0, 300.0]",False
Clozapine,reading_deletion,dose=30;reading=2,right_censored,,False,,right_censored,,"[""ewart2022_supp8_ALBUMIN_C9""]","[""ALBUMIN!C9""]",[119.465799728161],Temporary deletion measures influence; no original observation is excluded or labelled erroneous.,reading_deletion:ewart2022_supp8_ALBUMIN_C9,30.0,isotonic,,"[1.0, 300.0]",False
Clozapine,dose_deletion,dose=30,right_censored,,False,,right_censored,,"[""ewart2022_supp8_ALBUMIN_C8"", ""ewart2022_supp8_ALBUMIN_C9""]","[""ALBUMIN!C8"", ""ALBUMIN!C9""]","[140.140170283521, 119.465799728161]",Temporary deletion measures influence; no original observation is excluded or labelled erroneous.,dose_deletion:30.0,30.0,isotonic,,"[1.0, 300.0]",False
Clozapine,reading_deletion,dose=100;reading=1,right_censored,,False,,right_censored,,"[""ewart2022_supp8_ALBUMIN_C10""]","[""ALBUMIN!C10""]",[100.057206839291],Temporary deletion measures influence; no original observation is excluded or labelled erroneous.,reading_deletion:ewart2022_supp8_ALBUMIN_C10,100.0,isotonic,,"[1.0, 300.0]",False
Clozapine,reading_deletion,dose=100;reading=2,right_censored,,False,,right_censored,,"[""ewart2022_supp8_ALBUMIN_C11""]","[""ALBUMIN!C11""]",[74.7416510617572],Temporary deletion measures influence; no original observation is excluded or labelled erroneous.,reading_deletion:ewart2022_supp8_ALBUMIN_C11,100.0,isotonic,,"[1.0, 300.0]",False
Clozapine,dose_deletion,dose=100,right_censored,,False,,right_censored,,"[""ewart2022_supp8_ALBUMIN_C10"", ""ewart2022_supp8_ALBUMIN_C11""]","[""ALBUMIN!C10"", ""ALBUMIN!C11""]","[100.057206839291, 74.7416510617572]",Temporary deletion measures influence; no original observation is excluded or labelled erroneous.,dose_deletion:100.0,100.0,isotonic,,"[1.0, 300.0]",False
Clozapine,reading_deletion,dose=300;reading=1,within_range,256.22275317562907,True,,right_censored,,"[""ewart2022_supp8_ALBUMIN_C12""]","[""ALBUMIN!C12""]",[69.6785397282349],Temporary deletion measures influence; no original observation is excluded or labelled erroneous.,reading_deletion:ewart2022_supp8_ALBUMIN_C12,300.0,isotonic,,"[1.0, 300.0]",False
Clozapine,reading_deletion,dose=300;reading=2,right_censored,,False,,right_censored,,"[""ewart2022_supp8_ALBUMIN_C13""]","[""ALBUMIN!C13""]",[43.730095117456],Temporary deletion measures influence; no original observation is excluded or labelled erroneous.,reading_deletion:ewart2022_supp8_ALBUMIN_C13,300.0,isotonic,,"[1.0, 300.0]",False
Clozapine,dose_deletion,dose=300,right_censored,,False,,right_censored,,"[""ewart2022_supp8_ALBUMIN_C12"", ""ewart2022_supp8_ALBUMIN_C13""]","[""ALBUMIN!C12"", ""ALBUMIN!C13""]","[69.6785397282349, 43.730095117456]",Temporary deletion measures influence; no original observation is excluded or labelled erroneous.,dose_deletion:300.0,300.0,isotonic,,"[1.0, 100.0]",False
Levofloxacin,model,raw_interpolation,right_censored,,False,,right_censored,,[],[],[],Alternative assumption or explicitly hypothetical missing value.,model:raw_interpolation,,raw_interpolation,,"[1.0, 45.0]",False
Levofloxacin,model,logistic,right_censored,,False,,right_censored,,[],[],[],Alternative assumption or explicitly hypothetical missing value.,model:logistic,,logistic,,"[1.0, 45.0]",False
Levofloxacin,reading_deletion,dose=1;reading=1,right_censored,,False,,right_censored,,"[""ewart2022_supp8_ALBUMIN_C62""]","[""ALBUMIN!C62""]",[141.194985005597],Temporary deletion measures influence; no original observation is excluded or labelled erroneous.,reading_deletion:ewart2022_supp8_ALBUMIN_C62,1.0,isotonic,,"[1.0, 45.0]",False
Levofloxacin,reading_deletion,dose=1;reading=2,right_censored,,False,,right_censored,,"[""ewart2022_supp8_ALBUMIN_C63""]","[""ALBUMIN!C63""]",[69.0456508949894],Temporary deletion measures influence; no original observation is excluded or labelled erroneous.,reading_deletion:ewart2022_supp8_ALBUMIN_C63,1.0,isotonic,,"[1.0, 45.0]",False
Levofloxacin,dose_deletion,dose=1,right_censored,,False,,right_censored,,"[""ewart2022_supp8_ALBUMIN_C62"", ""ewart2022_supp8_ALBUMIN_C63""]","[""ALBUMIN!C62"", ""ALBUMIN!C63""]","[141.194985005597, 69.0456508949894]",Temporary deletion measures influence; no original observation is excluded or labelled erroneous.,dose_deletion:1.0,1.0,isotonic,,"[3.0, 45.0]",False
Levofloxacin,reading_deletion,dose=3;reading=1,right_censored,,False,,right_censored,,"[""ewart2022_supp8_ALBUMIN_C64""]","[""ALBUMIN!C64""]",[136.34283683901],Temporary deletion measures influence; no original observation is excluded or labelled erroneous.,reading_deletion:ewart2022_supp8_ALBUMIN_C64,3.0,isotonic,,"[1.0, 45.0]",False
Levofloxacin,reading_deletion,dose=3;reading=2,right_censored,,False,,right_censored,,"[""ewart2022_supp8_ALBUMIN_C65""]","[""ALBUMIN!C65""]",[110.183429061296],Temporary deletion measures influence; no original observation is excluded or labelled erroneous.,reading_deletion:ewart2022_supp8_ALBUMIN_C65,3.0,isotonic,,"[1.0, 45.0]",False
Levofloxacin,dose_deletion,dose=3,right_censored,,False,,right_censored,,"[""ewart2022_supp8_ALBUMIN_C64"", ""ewart2022_supp8_ALBUMIN_C65""]","[""ALBUMIN!C64"", ""ALBUMIN!C65""]","[136.34283683901, 110.183429061296]",Temporary deletion measures influence; no original observation is excluded or labelled erroneous.,dose_deletion:3.0,3.0,isotonic,,"[1.0, 45.0]",False
Levofloxacin,reading_deletion,dose=10;reading=1,right_censored,,False,,right_censored,,"[""ewart2022_supp8_ALBUMIN_C66""]","[""ALBUMIN!C66""]",[168.198244560971],Temporary deletion measures influence; no original observation is excluded or labelled erroneous.,reading_deletion:ewart2022_supp8_ALBUMIN_C66,10.0,isotonic,,"[1.0, 45.0]",False
Levofloxacin,reading_deletion,dose=10;reading=2,right_censored,,False,,right_censored,,"[""ewart2022_supp8_ALBUMIN_C67""]","[""ALBUMIN!C67""]",[120.309651505821],Temporary deletion measures influence; no original observation is excluded or labelled erroneous.,reading_deletion:ewart2022_supp8_ALBUMIN_C67,10.0,isotonic,,"[1.0, 45.0]",False
Levofloxacin,dose_deletion,dose=10,right_censored,,False,,right_censored,,"[""ewart2022_supp8_ALBUMIN_C66"", ""ewart2022_supp8_ALBUMIN_C67""]","[""ALBUMIN!C66"", ""ALBUMIN!C67""]","[168.198244560971, 120.309651505821]",Temporary deletion measures influence; no original observation is excluded or labelled erroneous.,dose_deletion:10.0,10.0,isotonic,,"[1.0, 45.0]",False
Levofloxacin,reading_deletion,dose=15;reading=1,right_censored,,False,,right_censored,,"[""ewart2022_supp8_ALBUMIN_C68""]","[""ALBUMIN!C68""]",[141.616910894428],Temporary deletion measures influence; no original observation is excluded or labelled erroneous.,reading_deletion:ewart2022_supp8_ALBUMIN_C68,15.0,isotonic,,"[1.0, 45.0]",False
Levofloxacin,reading_deletion,dose=15;reading=2,right_censored,,False,,right_censored,,"[""ewart2022_supp8_ALBUMIN_C69""]","[""ALBUMIN!C69""]",[122.419281172492],Temporary deletion measures influence; no original observation is excluded or labelled erroneous.,reading_deletion:ewart2022_supp8_ALBUMIN_C69,15.0,isotonic,,"[1.0, 45.0]",False
Levofloxacin,dose_deletion,dose=15,right_censored,,False,,right_censored,,"[""ewart2022_supp8_ALBUMIN_C68"", ""ewart2022_supp8_ALBUMIN_C69""]","[""ALBUMIN!C68"", ""ALBUMIN!C69""]","[141.616910894428, 122.419281172492]",Temporary deletion measures influence; no original observation is excluded or labelled erroneous.,dose_deletion:15.0,15.0,isotonic,,"[1.0, 45.0]",False
Levofloxacin,reading_deletion,dose=45;reading=1,right_censored,,False,,right_censored,,"[""ewart2022_supp8_ALBUMIN_C70""]","[""ALBUMIN!C70""]",[137.18668883919],Temporary deletion measures influence; no original observation is excluded or labelled erroneous.,reading_deletion:ewart2022_supp8_ALBUMIN_C70,45.0,isotonic,,"[1.0, 45.0]",False
Levofloxacin,reading_deletion,dose=45;reading=2,right_censored,,False,,right_censored,,"[""ewart2022_supp8_ALBUMIN_C71""]","[""ALBUMIN!C71""]",[138.452466505681],Temporary deletion measures influence; no original observation is excluded or labelled erroneous.,reading_deletion:ewart2022_supp8_ALBUMIN_C71,45.0,isotonic,,"[1.0, 45.0]",False
Levofloxacin,dose_deletion,dose=45,right_censored,,False,,right_censored,,"[""ewart2022_supp8_ALBUMIN_C70"", ""ewart2022_supp8_ALBUMIN_C71""]","[""ALBUMIN!C70"", ""ALBUMIN!C71""]","[137.18668883919, 138.452466505681]",Temporary deletion measures influence; no original observation is excluded or labelled erroneous.,dose_deletion:45.0,45.0,isotonic,,"[1.0, 15.0]",False
Olanzapine,model,raw_interpolation,right_censored,,False,,right_censored,,[],[],[],Alternative assumption or explicitly hypothetical missing value.,model:raw_interpolation,,raw_interpolation,,"[1.0, 300.0]",False
Olanzapine,model,logistic,right_censored,,False,,right_censored,,[],[],[],Alternative assumption or explicitly hypothetical missing value.,model:logistic,,logistic,,"[1.0, 300.0]",False
Olanzapine,reading_deletion,dose=1;reading=1,right_censored,,False,,right_censored,,"[""ewart2022_supp8_ALBUMIN_C14""]","[""ALBUMIN!C14""]",[151.743133338953],Temporary deletion measures influence; no original observation is excluded or labelled erroneous.,reading_deletion:ewart2022_supp8_ALBUMIN_C14,1.0,isotonic,,"[1.0, 300.0]",False
Olanzapine,reading_deletion,dose=1;reading=2,right_censored,,False,,right_censored,,"[""ewart2022_supp8_ALBUMIN_C15""]","[""ALBUMIN!C15""]",[129.802984894581],Temporary deletion measures influence; no original observation is excluded or labelled erroneous.,reading_deletion:ewart2022_supp8_ALBUMIN_C15,1.0,isotonic,,"[1.0, 300.0]",False
Olanzapine,dose_deletion,dose=1,right_censored,,False,,right_censored,,"[""ewart2022_supp8_ALBUMIN_C14"", ""ewart2022_supp8_ALBUMIN_C15""]","[""ALBUMIN!C14"", ""ALBUMIN!C15""]","[151.743133338953, 129.802984894581]",Temporary deletion measures influence; no original observation is excluded or labelled erroneous.,dose_deletion:1.0,1.0,isotonic,,"[3.0, 300.0]",False
Olanzapine,reading_deletion,dose=3;reading=1,right_censored,,False,,right_censored,,"[""ewart2022_supp8_ALBUMIN_C16""]","[""ALBUMIN!C16""]",[105.331280894708],Temporary deletion measures influence; no original observation is excluded or labelled erroneous.,reading_deletion:ewart2022_supp8_ALBUMIN_C16,3.0,isotonic,,"[1.0, 300.0]",False
Olanzapine,reading_deletion,dose=3;reading=2,right_censored,,False,,right_censored,,"[""ewart2022_supp8_ALBUMIN_C17""]","[""ALBUMIN!C17""]",[127.904318172325],Temporary deletion measures influence; no original observation is excluded or labelled erroneous.,reading_deletion:ewart2022_supp8_ALBUMIN_C17,3.0,isotonic,,"[1.0, 300.0]",False
Olanzapine,dose_deletion,dose=3,right_censored,,False,,right_censored,,"[""ewart2022_supp8_ALBUMIN_C16"", ""ewart2022_supp8_ALBUMIN_C17""]","[""ALBUMIN!C16"", ""ALBUMIN!C17""]","[105.331280894708, 127.904318172325]",Temporary deletion measures influence; no original observation is excluded or labelled erroneous.,dose_deletion:3.0,3.0,isotonic,,"[1.0, 300.0]",False
Olanzapine,reading_deletion,dose=10;reading=1,right_censored,,False,,right_censored,,"[""ewart2022_supp8_ALBUMIN_C18""]","[""ALBUMIN!C18""]",[155.118540894634],Temporary deletion measures influence; no original observation is excluded or labelled erroneous.,reading_deletion:ewart2022_supp8_ALBUMIN_C18,10.0,isotonic,,"[1.0, 300.0]",False
Olanzapine,reading_deletion,dose=10;reading=2,right_censored,,False,,right_censored,,"[""ewart2022_supp8_ALBUMIN_C19""]","[""ALBUMIN!C19""]",[112.925947783732],Temporary deletion measures influence; no original observation is excluded or labelled erroneous.,reading_deletion:ewart2022_supp8_ALBUMIN_C19,10.0,isotonic,,"[1.0, 300.0]",False
Olanzapine,dose_deletion,dose=10,right_censored,,False,,right_censored,,"[""ewart2022_supp8_ALBUMIN_C18"", ""ewart2022_supp8_ALBUMIN_C19""]","[""ALBUMIN!C18"", ""ALBUMIN!C19""]","[155.118540894634, 112.925947783732]",Temporary deletion measures influence; no original observation is excluded or labelled erroneous.,dose_deletion:10.0,10.0,isotonic,,"[1.0, 300.0]",False
Olanzapine,reading_deletion,dose=30;reading=1,right_censored,,False,,right_censored,,"[""ewart2022_supp8_ALBUMIN_C20""]","[""ALBUMIN!C20""]",[113.769799561393],Temporary deletion measures influence; no original observation is excluded or labelled erroneous.,reading_deletion:ewart2022_supp8_ALBUMIN_C20,30.0,isotonic,,"[1.0, 300.0]",False
Olanzapine,reading_deletion,dose=30;reading=2,right_censored,,False,,right_censored,,"[""ewart2022_supp8_ALBUMIN_C21""]","[""ALBUMIN!C21""]",[112.293058727967],Temporary deletion measures influence; no original observation is excluded or labelled erroneous.,reading_deletion:ewart2022_supp8_ALBUMIN_C21,30.0,isotonic,,"[1.0, 300.0]",False
Olanzapine,dose_deletion,dose=30,right_censored,,False,,right_censored,,"[""ewart2022_supp8_ALBUMIN_C20"", ""ewart2022_supp8_ALBUMIN_C21""]","[""ALBUMIN!C20"", ""ALBUMIN!C21""]","[113.769799561393, 112.293058727967]",Temporary deletion measures influence; no original observation is excluded or labelled erroneous.,dose_deletion:30.0,30.0,isotonic,,"[1.0, 300.0]",False
Olanzapine,reading_deletion,dose=100;reading=1,right_censored,,False,,right_censored,,"[""ewart2022_supp8_ALBUMIN_C22""]","[""ALBUMIN!C22""]",[122.208318228077],Temporary deletion measures influence; no original observation is excluded or labelled erroneous.,reading_deletion:ewart2022_supp8_ALBUMIN_C22,100.0,isotonic,,"[1.0, 300.0]",False
Olanzapine,reading_deletion,dose=100;reading=2,right_censored,,False,,right_censored,,"[""ewart2022_supp8_ALBUMIN_C23""]","[""ALBUMIN!C23""]",[141.194985005597],Temporary deletion measures influence; no original observation is excluded or labelled erroneous.,reading_deletion:ewart2022_supp8_ALBUMIN_C23,100.0,isotonic,,"[1.0, 300.0]",False
Olanzapine,dose_deletion,dose=100,right_censored,,False,,right_censored,,"[""ewart2022_supp8_ALBUMIN_C22"", ""ewart2022_supp8_ALBUMIN_C23""]","[""ALBUMIN!C22"", ""ALBUMIN!C23""]","[122.208318228077, 141.194985005597]",Temporary deletion measures influence; no original observation is excluded or labelled erroneous.,dose_deletion:100.0,100.0,isotonic,,"[1.0, 300.0]",False
Olanzapine,reading_deletion,dose=300;reading=1,right_censored,,False,,right_censored,,"[""ewart2022_supp8_ALBUMIN_C24""]","[""ALBUMIN!C24""]",[132.334540450083],Temporary deletion measures influence; no original observation is excluded or labelled erroneous.,reading_deletion:ewart2022_supp8_ALBUMIN_C24,300.0,isotonic,,"[1.0, 300.0]",False
Olanzapine,reading_deletion,dose=300;reading=2,right_censored,,False,,right_censored,,"[""ewart2022_supp8_ALBUMIN_C25""]","[""ALBUMIN!C25""]",[118.20002183915],Temporary deletion measures influence; no original observation is excluded or labelled erroneous.,reading_deletion:ewart2022_supp8_ALBUMIN_C25,300.0,isotonic,,"[1.0, 300.0]",False
Olanzapine,dose_deletion,dose=300,right_censored,,False,,right_censored,,"[""ewart2022_supp8_ALBUMIN_C24"", ""ewart2022_supp8_ALBUMIN_C25""]","[""ALBUMIN!C24"", ""ALBUMIN!C25""]","[132.334540450083, 118.20002183915]",Temporary deletion measures influence; no original observation is excluded or labelled erroneous.,dose_deletion:300.0,300.0,isotonic,,"[1.0, 100.0]",False
Pioglitazone,model,raw_interpolation,within_range,292.514704089733,False,0.0,within_range,292.514704089733,[],[],[],Alternative assumption or explicitly hypothetical missing value.,model:raw_interpolation,,raw_interpolation,,"[1.0, 300.0]",False
Pioglitazone,model,logistic,within_range,247.8712815317226,False,0.07192148987760268,within_range,292.514704089733,[],[],[],Alternative assumption or explicitly hypothetical missing value.,model:logistic,,logistic,,"[1.0, 300.0]",False
Pioglitazone,dose_deletion,dose=1,within_range,292.514704089733,False,0.0,within_range,292.514704089733,"[""ewart2022_supp8_ALBUMIN_C38"", ""ewart2022_supp8_ALBUMIN_C39""]","[""ALBUMIN!C38"", ""ALBUMIN!C39""]","[105.363511953388, null]",Temporary deletion measures influence; no original observation is excluded or labelled erroneous.,dose_deletion:1.0,1.0,isotonic,,"[3.0, 300.0]",False
Pioglitazone,dose_deletion,dose=3,within_range,292.514704089733,False,0.0,within_range,292.514704089733,"[""ewart2022_supp8_ALBUMIN_C40"", ""ewart2022_supp8_ALBUMIN_C41""]","[""ALBUMIN!C40"", ""ALBUMIN!C41""]","[126.390851386435, null]",Temporary deletion measures influence; no original observation is excluded or labelled erroneous.,dose_deletion:3.0,3.0,isotonic,,"[1.0, 300.0]",False
Pioglitazone,reading_deletion,dose=10;reading=1,within_range,292.514704089733,False,0.0,within_range,292.514704089733,"[""ewart2022_supp8_ALBUMIN_C42""]","[""ALBUMIN!C42""]",[99.4088671424351],Temporary deletion measures influence; no original observation is excluded or labelled erroneous.,reading_deletion:ewart2022_supp8_ALBUMIN_C42,10.0,isotonic,,"[1.0, 300.0]",False
Pioglitazone,reading_deletion,dose=10;reading=2,within_range,292.514704089733,False,0.0,within_range,292.514704089733,"[""ewart2022_supp8_ALBUMIN_C43""]","[""ALBUMIN!C43""]",[96.6176273316712],Temporary deletion measures influence; no original observation is excluded or labelled erroneous.,reading_deletion:ewart2022_supp8_ALBUMIN_C43,10.0,isotonic,,"[1.0, 300.0]",False
Pioglitazone,dose_deletion,dose=10,within_range,292.514704089733,False,0.0,within_range,292.514704089733,"[""ewart2022_supp8_ALBUMIN_C42"", ""ewart2022_supp8_ALBUMIN_C43""]","[""ALBUMIN!C42"", ""ALBUMIN!C43""]","[99.4088671424351, 96.6176273316712]",Temporary deletion measures influence; no original observation is excluded or labelled erroneous.,dose_deletion:10.0,10.0,isotonic,,"[1.0, 300.0]",False
Pioglitazone,reading_deletion,dose=30;reading=1,within_range,292.514704089733,False,0.0,within_range,292.514704089733,"[""ewart2022_supp8_ALBUMIN_C44""]","[""ALBUMIN!C44""]",[119.691875974113],Temporary deletion measures influence; no original observation is excluded or labelled erroneous.,reading_deletion:ewart2022_supp8_ALBUMIN_C44,30.0,isotonic,,"[1.0, 300.0]",False
Pioglitazone,reading_deletion,dose=30;reading=2,within_range,292.514704089733,False,0.0,within_range,292.514704089733,"[""ewart2022_supp8_ALBUMIN_C45""]","[""ALBUMIN!C45""]",[108.526916953577],Temporary deletion measures influence; no original observation is excluded or labelled erroneous.,reading_deletion:ewart2022_supp8_ALBUMIN_C45,30.0,isotonic,,"[1.0, 300.0]",False
Pioglitazone,dose_deletion,dose=30,within_range,292.514704089733,False,0.0,within_range,292.514704089733,"[""ewart2022_supp8_ALBUMIN_C44"", ""ewart2022_supp8_ALBUMIN_C45""]","[""ALBUMIN!C44"", ""ALBUMIN!C45""]","[119.691875974113, 108.526916953577]",Temporary deletion measures influence; no original observation is excluded or labelled erroneous.,dose_deletion:30.0,30.0,isotonic,,"[1.0, 300.0]",False
Pioglitazone,reading_deletion,dose=100;reading=1,within_range,291.6310199532245,False,0.0013139852649622075,within_range,292.514704089733,"[""ewart2022_supp8_ALBUMIN_C46""]","[""ALBUMIN!C46""]",[84.8944205269977],Temporary deletion measures influence; no original observation is excluded or labelled erroneous.,reading_deletion:ewart2022_supp8_ALBUMIN_C46,100.0,isotonic,,"[1.0, 300.0]",False
Pioglitazone,reading_deletion,dose=100;reading=2,within_range,293.22960154930047,False,0.001060108217835804,within_range,292.514704089733,"[""ewart2022_supp8_ALBUMIN_C47""]","[""ALBUMIN!C47""]",[78.0093625199635],Temporary deletion measures influence; no original observation is excluded or labelled erroneous.,reading_deletion:ewart2022_supp8_ALBUMIN_C47,100.0,isotonic,,"[1.0, 300.0]",False
Pioglitazone,dose_deletion,dose=100,within_range,291.1295694998281,False,0.0020613838452639157,within_range,292.514704089733,"[""ewart2022_supp8_ALBUMIN_C46"", ""ewart2022_supp8_ALBUMIN_C47""]","[""ALBUMIN!C46"", ""ALBUMIN!C47""]","[84.8944205269977, 78.0093625199635]",Temporary deletion measures influence; no original observation is excluded or labelled erroneous.,dose_deletion:100.0,100.0,isotonic,,"[1.0, 300.0]",False
Pioglitazone,reading_deletion,dose=300;reading=1,within_range,223.0243480352567,False,0.11779542354866027,within_range,292.514704089733,"[""ewart2022_supp8_ALBUMIN_C48""]","[""ALBUMIN!C48""]",[60.1454280871055],Temporary deletion measures influence; no original observation is excluded or labelled erroneous.,reading_deletion:ewart2022_supp8_ALBUMIN_C48,300.0,isotonic,,"[1.0, 300.0]",False
Pioglitazone,reading_deletion,dose=300;reading=2,right_censored,,True,,within_range,292.514704089733,"[""ewart2022_supp8_ALBUMIN_C49""]","[""ALBUMIN!C49""]",[38.3737580526897],Temporary deletion measures influence; no original observation is excluded or labelled erroneous.,reading_deletion:ewart2022_supp8_ALBUMIN_C49,300.0,isotonic,,"[1.0, 300.0]",False
Pioglitazone,dose_deletion,dose=300,right_censored,,True,,within_range,292.514704089733,"[""ewart2022_supp8_ALBUMIN_C48"", ""ewart2022_supp8_ALBUMIN_C49""]","[""ALBUMIN!C48"", ""ALBUMIN!C49""]","[60.1454280871055, 38.3737580526897]",Temporary deletion measures influence; no original observation is excluded or labelled erroneous.,dose_deletion:300.0,300.0,isotonic,,"[1.0, 100.0]",True
Pioglitazone,missing_probe,ewart2022_supp8_ALBUMIN_C39=0% (hypothetical),within_range,292.514704089733,False,0.0,within_range,292.514704089733,"[""ewart2022_supp8_ALBUMIN_C39""]","[""ALBUMIN!C39""]",[null],Alternative assumption or explicitly hypothetical missing value.,missing_probe:ewart2022_supp8_ALBUMIN_C39:0.0,1.0,isotonic,0.0,"[1.0, 300.0]",False
Pioglitazone,missing_probe,ewart2022_supp8_ALBUMIN_C39=50% (hypothetical),within_range,292.514704089733,False,0.0,within_range,292.514704089733,"[""ewart2022_supp8_ALBUMIN_C39""]","[""ALBUMIN!C39""]",[null],Alternative assumption or explicitly hypothetical missing value.,missing_probe:ewart2022_supp8_ALBUMIN_C39:50.0,1.0,isotonic,50.0,"[1.0, 300.0]",False
Pioglitazone,missing_probe,ewart2022_supp8_ALBUMIN_C39=100% (hypothetical),within_range,292.514704089733,False,0.0,within_range,292.514704089733,"[""ewart2022_supp8_ALBUMIN_C39""]","[""ALBUMIN!C39""]",[null],Alternative assumption or explicitly hypothetical missing value.,missing_probe:ewart2022_supp8_ALBUMIN_C39:100.0,1.0,isotonic,100.0,"[1.0, 300.0]",False
Pioglitazone,missing_probe,ewart2022_supp8_ALBUMIN_C39=150% (hypothetical),within_range,292.514704089733,False,0.0,within_range,292.514704089733,"[""ewart2022_supp8_ALBUMIN_C39""]","[""ALBUMIN!C39""]",[null],Alternative assumption or explicitly hypothetical missing value.,missing_probe:ewart2022_supp8_ALBUMIN_C39:150.0,1.0,isotonic,150.0,"[1.0, 300.0]",False
Pioglitazone,missing_probe,ewart2022_supp8_ALBUMIN_C39=200% (hypothetical),within_range,292.514704089733,False,0.0,within_range,292.514704089733,"[""ewart2022_supp8_ALBUMIN_C39""]","[""ALBUMIN!C39""]",[null],Alternative assumption or explicitly hypothetical missing value.,missing_probe:ewart2022_supp8_ALBUMIN_C39:200.0,1.0,isotonic,200.0,"[1.0, 300.0]",False
Pioglitazone,missing_probe,ewart2022_supp8_ALBUMIN_C41=0% (hypothetical),within_range,292.514704089733,False,0.0,within_range,292.514704089733,"[""ewart2022_supp8_ALBUMIN_C41""]","[""ALBUMIN!C41""]",[null],Alternative assumption or explicitly hypothetical missing value.,missing_probe:ewart2022_supp8_ALBUMIN_C41:0.0,3.0,isotonic,0.0,"[1.0, 300.0]",False
Pioglitazone,missing_probe,ewart2022_supp8_ALBUMIN_C41=50% (hypothetical),within_range,292.514704089733,False,0.0,within_range,292.514704089733,"[""ewart2022_supp8_ALBUMIN_C41""]","[""ALBUMIN!C41""]",[null],Alternative assumption or explicitly hypothetical missing value.,missing_probe:ewart2022_supp8_ALBUMIN_C41:50.0,3.0,isotonic,50.0,"[1.0, 300.0]",False
Pioglitazone,missing_probe,ewart2022_supp8_ALBUMIN_C41=100% (hypothetical),within_range,292.514704089733,False,0.0,within_range,292.514704089733,"[""ewart2022_supp8_ALBUMIN_C41""]","[""ALBUMIN!C41""]",[null],Alternative assumption or explicitly hypothetical missing value.,missing_probe:ewart2022_supp8_ALBUMIN_C41:100.0,3.0,isotonic,100.0,"[1.0, 300.0]",False
Pioglitazone,missing_probe,ewart2022_supp8_ALBUMIN_C41=150% (hypothetical),within_range,292.514704089733,False,0.0,within_range,292.514704089733,"[""ewart2022_supp8_ALBUMIN_C41""]","[""ALBUMIN!C41""]",[null],Alternative assumption or explicitly hypothetical missing value.,missing_probe:ewart2022_supp8_ALBUMIN_C41:150.0,3.0,isotonic,150.0,"[1.0, 300.0]",False
Pioglitazone,missing_probe,ewart2022_supp8_ALBUMIN_C41=200% (hypothetical),within_range,292.514704089733,False,0.0,within_range,292.514704089733,"[""ewart2022_supp8_ALBUMIN_C41""]","[""ALBUMIN!C41""]",[null],Alternative assumption or explicitly hypothetical missing value.,missing_probe:ewart2022_supp8_ALBUMIN_C41:200.0,3.0,isotonic,200.0,"[1.0, 300.0]",False
Troglitazone,model,raw_interpolation,within_range,179.97159972743708,False,0.044681524159114465,within_range,162.3762296214835,[],[],[],Alternative assumption or explicitly hypothetical missing value.,model:raw_interpolation,,raw_interpolation,,"[0.98, 294.72]",False
Troglitazone,model,logistic,within_range,181.79344395404826,False,0.04905576427520269,within_range,162.3762296214835,[],[],[],Alternative assumption or explicitly hypothetical missing value.,model:logistic,,logistic,,"[0.98, 294.72]",False
Troglitazone,reading_deletion,dose=0.98;reading=1,within_range,162.3762296214835,False,0.0,within_range,162.3762296214835,"[""ewart2022_supp8_ALBUMIN_C26""]","[""ALBUMIN!C26""]",[86.9413297363926],Temporary deletion measures influence; no original observation is excluded or labelled erroneous.,reading_deletion:ewart2022_supp8_ALBUMIN_C26,0.98,isotonic,,"[0.98, 294.72]",False
Troglitazone,reading_deletion,dose=0.98;reading=2,within_range,162.3762296214835,False,0.0,within_range,162.3762296214835,"[""ewart2022_supp8_ALBUMIN_C27""]","[""ALBUMIN!C27""]",[104.619181352019],Temporary deletion measures influence; no original observation is excluded or labelled erroneous.,reading_deletion:ewart2022_supp8_ALBUMIN_C27,0.98,isotonic,,"[0.98, 294.72]",False
Troglitazone,dose_deletion,dose=0.98,within_range,162.3762296214835,False,0.0,within_range,162.3762296214835,"[""ewart2022_supp8_ALBUMIN_C26"", ""ewart2022_supp8_ALBUMIN_C27""]","[""ALBUMIN!C26"", ""ALBUMIN!C27""]","[86.9413297363926, 104.619181352019]",Temporary deletion measures influence; no original observation is excluded or labelled erroneous.,dose_deletion:0.98,0.98,isotonic,,"[2.95, 294.72]",False
Troglitazone,reading_deletion,dose=2.95;reading=1,within_range,162.3762296214835,False,0.0,within_range,162.3762296214835,"[""ewart2022_supp8_ALBUMIN_C28""]","[""ALBUMIN!C28""]",[93.4542223314824],Temporary deletion measures influence; no original observation is excluded or labelled erroneous.,reading_deletion:ewart2022_supp8_ALBUMIN_C28,2.95,isotonic,,"[0.98, 294.72]",False
Troglitazone,reading_deletion,dose=2.95;reading=2,within_range,162.3762296214835,False,0.0,within_range,162.3762296214835,"[""ewart2022_supp8_ALBUMIN_C29""]","[""ALBUMIN!C29""]",[107.596503757495],Temporary deletion measures influence; no original observation is excluded or labelled erroneous.,reading_deletion:ewart2022_supp8_ALBUMIN_C29,2.95,isotonic,,"[0.98, 294.72]",False
Troglitazone,dose_deletion,dose=2.95,within_range,162.3762296214835,False,0.0,within_range,162.3762296214835,"[""ewart2022_supp8_ALBUMIN_C28"", ""ewart2022_supp8_ALBUMIN_C29""]","[""ALBUMIN!C28"", ""ALBUMIN!C29""]","[93.4542223314824, 107.596503757495]",Temporary deletion measures influence; no original observation is excluded or labelled erroneous.,dose_deletion:2.95,2.95,isotonic,,"[0.98, 294.72]",False
Troglitazone,reading_deletion,dose=9.82;reading=1,within_range,159.26613083577342,False,0.008399023294594087,within_range,162.3762296214835,"[""ewart2022_supp8_ALBUMIN_C30""]","[""ALBUMIN!C30""]",[106.666090561414],Temporary deletion measures influence; no original observation is excluded or labelled erroneous.,reading_deletion:ewart2022_supp8_ALBUMIN_C30,9.82,isotonic,,"[0.98, 294.72]",False
Troglitazone,reading_deletion,dose=9.82;reading=2,within_range,163.6985924533298,False,0.0035224923264722697,within_range,162.3762296214835,"[""ewart2022_supp8_ALBUMIN_C31""]","[""ALBUMIN!C31""]",[72.6129657156675],Temporary deletion measures influence; no original observation is excluded or labelled erroneous.,reading_deletion:ewart2022_supp8_ALBUMIN_C31,9.82,isotonic,,"[0.98, 294.72]",False
Troglitazone,dose_deletion,dose=9.82,within_range,163.6985924533298,False,0.0035224923264722697,within_range,162.3762296214835,"[""ewart2022_supp8_ALBUMIN_C30"", ""ewart2022_supp8_ALBUMIN_C31""]","[""ALBUMIN!C30"", ""ALBUMIN!C31""]","[106.666090561414, 72.6129657156675]",Temporary deletion measures influence; no original observation is excluded or labelled erroneous.,dose_deletion:9.82,9.82,isotonic,,"[0.98, 294.72]",False
Troglitazone,reading_deletion,dose=29.47;reading=1,within_range,167.7523110519128,False,0.014146059109744832,within_range,162.3762296214835,"[""ewart2022_supp8_ALBUMIN_C32""]","[""ALBUMIN!C32""]",[65.5418248914015],Temporary deletion measures influence; no original observation is excluded or labelled erroneous.,reading_deletion:ewart2022_supp8_ALBUMIN_C32,29.47,isotonic,,"[0.98, 294.72]",False
Troglitazone,reading_deletion,dose=29.47;reading=2,within_range,163.77521283310136,False,0.003725719627136678,within_range,162.3762296214835,"[""ewart2022_supp8_ALBUMIN_C33""]","[""ALBUMIN!C33""]",[85.4526685336544],Temporary deletion measures influence; no original observation is excluded or labelled erroneous.,reading_deletion:ewart2022_supp8_ALBUMIN_C33,29.47,isotonic,,"[0.98, 294.72]",False
Troglitazone,dose_deletion,dose=29.47,within_range,169.50120494833956,False,0.018650336995996435,within_range,162.3762296214835,"[""ewart2022_supp8_ALBUMIN_C32"", ""ewart2022_supp8_ALBUMIN_C33""]","[""ALBUMIN!C32"", ""ALBUMIN!C33""]","[65.5418248914015, 85.4526685336544]",Temporary deletion measures influence; no original observation is excluded or labelled erroneous.,dose_deletion:29.47,29.47,isotonic,,"[0.98, 294.72]",False
Troglitazone,reading_deletion,dose=98.2;reading=1,within_range,161.51771076338193,False,0.002302302262465062,within_range,162.3762296214835,"[""ewart2022_supp8_ALBUMIN_C34""]","[""ALBUMIN!C34""]",[96.2454621422464],Temporary deletion measures influence; no original observation is excluded or labelled erroneous.,reading_deletion:ewart2022_supp8_ALBUMIN_C34,98.2,isotonic,,"[0.98, 294.72]",False
Troglitazone,reading_deletion,dose=98.2;reading=2,within_range,151.29820212104562,False,0.030688685536433898,within_range,162.3762296214835,"[""ewart2022_supp8_ALBUMIN_C35""]","[""ALBUMIN!C35""]",[126.576933981147],Temporary deletion measures influence; no original observation is excluded or labelled erroneous.,reading_deletion:ewart2022_supp8_ALBUMIN_C35,98.2,isotonic,,"[0.98, 294.72]",False
Troglitazone,dose_deletion,dose=98.2,within_range,64.13783298312511,True,0.4034081704746042,within_range,162.3762296214835,"[""ewart2022_supp8_ALBUMIN_C34"", ""ewart2022_supp8_ALBUMIN_C35""]","[""ALBUMIN!C34"", ""ALBUMIN!C35""]","[96.2454621422464, 126.576933981147]",Temporary deletion measures influence; no original observation is excluded or labelled erroneous.,dose_deletion:98.2,98.2,isotonic,,"[0.98, 294.72]",False
Troglitazone,reading_deletion,dose=294.72;reading=1,within_range,162.3762296214835,False,0.0,within_range,162.3762296214835,"[""ewart2022_supp8_ALBUMIN_C36""]","[""ALBUMIN!C36""]",[0.0],Temporary deletion measures influence; no original observation is excluded or labelled erroneous.,reading_deletion:ewart2022_supp8_ALBUMIN_C36,294.72,isotonic,,"[0.98, 294.72]",False
Troglitazone,reading_deletion,dose=294.72;reading=2,within_range,162.3762296214835,False,0.0,within_range,162.3762296214835,"[""ewart2022_supp8_ALBUMIN_C37""]","[""ALBUMIN!C37""]",[0.0],Temporary deletion measures influence; no original observation is excluded or labelled erroneous.,reading_deletion:ewart2022_supp8_ALBUMIN_C37,294.72,isotonic,,"[0.98, 294.72]",False
Troglitazone,dose_deletion,dose=294.72,right_censored,,True,,within_range,162.3762296214835,"[""ewart2022_supp8_ALBUMIN_C36"", ""ewart2022_supp8_ALBUMIN_C37""]","[""ALBUMIN!C36"", ""ALBUMIN!C37""]","[0.0, 0.0]",Temporary deletion measures influence; no original observation is excluded or labelled erroneous.,dose_deletion:294.72,294.72,isotonic,,"[0.98, 98.2]",True
Trovafloxacin,model,raw_interpolation,within_range,90.8523551275068,False,0.004126701173633894,within_range,89.99315727420607,[],[],[],Alternative assumption or explicitly hypothetical missing value.,model:raw_interpolation,,raw_interpolation,,"[1.0, 300.0]",False
Trovafloxacin,model,logistic,within_range,92.78509663351491,False,0.01326873574109081,within_range,89.99315727420607,[],[],[],Alternative assumption or explicitly hypothetical missing value.,model:logistic,,logistic,,"[1.0, 300.0]",False
Trovafloxacin,reading_deletion,dose=1;reading=1,within_range,89.99315727420607,False,0.0,within_range,89.99315727420607,"[""ewart2022_supp8_ALBUMIN_C50""]","[""ALBUMIN!C50""]",[125.68987893106],Temporary deletion measures influence; no original observation is excluded or labelled erroneous.,reading_deletion:ewart2022_supp8_ALBUMIN_C50,1.0,isotonic,,"[1.0, 300.0]",False
Trovafloxacin,reading_deletion,dose=1;reading=2,within_range,89.99315727420607,False,0.0,within_range,89.99315727420607,"[""ewart2022_supp8_ALBUMIN_C51""]","[""ALBUMIN!C51""]",[103.881661404813],Temporary deletion measures influence; no original observation is excluded or labelled erroneous.,reading_deletion:ewart2022_supp8_ALBUMIN_C51,1.0,isotonic,,"[1.0, 300.0]",False
Trovafloxacin,dose_deletion,dose=1,within_range,89.99315727420607,False,0.0,within_range,89.99315727420607,"[""ewart2022_supp8_ALBUMIN_C50"", ""ewart2022_supp8_ALBUMIN_C51""]","[""ALBUMIN!C50"", ""ALBUMIN!C51""]","[125.68987893106, 103.881661404813]",Temporary deletion measures influence; no original observation is excluded or labelled erroneous.,dose_deletion:1.0,1.0,isotonic,,"[3.0, 300.0]",False
Trovafloxacin,reading_deletion,dose=3;reading=1,within_range,89.96779034682338,False,0.00012243452597625296,within_range,89.99315727420607,"[""ewart2022_supp8_ALBUMIN_C52""]","[""ALBUMIN!C52""]",[113.930545863958],Temporary deletion measures influence; no original observation is excluded or labelled erroneous.,reading_deletion:ewart2022_supp8_ALBUMIN_C52,3.0,isotonic,,"[1.0, 300.0]",False
Trovafloxacin,reading_deletion,dose=3;reading=2,within_range,89.99315727420607,False,0.0,within_range,89.99315727420607,"[""ewart2022_supp8_ALBUMIN_C53""]","[""ALBUMIN!C53""]",[100.46076463394],Temporary deletion measures influence; no original observation is excluded or labelled erroneous.,reading_deletion:ewart2022_supp8_ALBUMIN_C53,3.0,isotonic,,"[1.0, 300.0]",False
Trovafloxacin,dose_deletion,dose=3,within_range,89.99315727420607,False,0.0,within_range,89.99315727420607,"[""ewart2022_supp8_ALBUMIN_C52"", ""ewart2022_supp8_ALBUMIN_C53""]","[""ALBUMIN!C52"", ""ALBUMIN!C53""]","[113.930545863958, 100.46076463394]",Temporary deletion measures influence; no original observation is excluded or labelled erroneous.,dose_deletion:3.0,3.0,isotonic,,"[1.0, 300.0]",False
Trovafloxacin,reading_deletion,dose=10;reading=1,within_range,90.77619937064644,False,0.0037625070412825676,within_range,89.99315727420607,"[""ewart2022_supp8_ALBUMIN_C54""]","[""ALBUMIN!C54""]",[86.1357590999432],Temporary deletion measures influence; no original observation is excluded or labelled erroneous.,reading_deletion:ewart2022_supp8_ALBUMIN_C54,10.0,isotonic,,"[1.0, 300.0]",False
Trovafloxacin,reading_deletion,dose=10;reading=2,within_range,89.76517799190489,False,0.0011015922819941745,within_range,89.99315727420607,"[""ewart2022_supp8_ALBUMIN_C55""]","[""ALBUMIN!C55""]",[105.16449786078],Temporary deletion measures influence; no original observation is excluded or labelled erroneous.,reading_deletion:ewart2022_supp8_ALBUMIN_C55,10.0,isotonic,,"[1.0, 300.0]",False
Trovafloxacin,dose_deletion,dose=10,within_range,90.8523551275068,False,0.004126701173633894,within_range,89.99315727420607,"[""ewart2022_supp8_ALBUMIN_C54"", ""ewart2022_supp8_ALBUMIN_C55""]","[""ALBUMIN!C54"", ""ALBUMIN!C55""]","[86.1357590999432, 105.16449786078]",Temporary deletion measures influence; no original observation is excluded or labelled erroneous.,dose_deletion:10.0,10.0,isotonic,,"[1.0, 300.0]",False
Trovafloxacin,reading_deletion,dose=30;reading=1,within_range,89.39968633158817,False,0.002873493620386042,within_range,89.99315727420607,"[""ewart2022_supp8_ALBUMIN_C56""]","[""ALBUMIN!C56""]",[111.151067321069],Temporary deletion measures influence; no original observation is excluded or labelled erroneous.,reading_deletion:ewart2022_supp8_ALBUMIN_C56,30.0,isotonic,,"[1.0, 300.0]",False
Trovafloxacin,reading_deletion,dose=30;reading=2,within_range,89.92644656271504,False,0.00032205601384416435,within_range,89.99315727420607,"[""ewart2022_supp8_ALBUMIN_C57""]","[""ALBUMIN!C57""]",[102.385019095371],Temporary deletion measures influence; no original observation is excluded or labelled erroneous.,reading_deletion:ewart2022_supp8_ALBUMIN_C57,30.0,isotonic,,"[1.0, 300.0]",False
Trovafloxacin,dose_deletion,dose=30,within_range,79.94633646819707,False,0.05141092160724516,within_range,89.99315727420607,"[""ewart2022_supp8_ALBUMIN_C56"", ""ewart2022_supp8_ALBUMIN_C57""]","[""ALBUMIN!C56"", ""ALBUMIN!C57""]","[111.151067321069, 102.385019095371]",Temporary deletion measures influence; no original observation is excluded or labelled erroneous.,dose_deletion:30.0,30.0,isotonic,,"[1.0, 300.0]",False
Trovafloxacin,reading_deletion,dose=100;reading=1,within_range,74.82809925185374,False,0.08014477503089995,within_range,89.99315727420607,"[""ewart2022_supp8_ALBUMIN_C58""]","[""ALBUMIN!C58""]",[56.4167176519772],Temporary deletion measures influence; no original observation is excluded or labelled erroneous.,reading_deletion:ewart2022_supp8_ALBUMIN_C58,100.0,isotonic,,"[1.0, 300.0]",False
Trovafloxacin,reading_deletion,dose=100;reading=2,within_range,128.74382665024606,False,0.1555169248611097,within_range,89.99315727420607,"[""ewart2022_supp8_ALBUMIN_C59""]","[""ALBUMIN!C59""]",[33.7532758217525],Temporary deletion measures influence; no original observation is excluded or labelled erroneous.,reading_deletion:ewart2022_supp8_ALBUMIN_C59,100.0,isotonic,,"[1.0, 300.0]",False
Trovafloxacin,dose_deletion,dose=100,within_range,151.90354371855057,False,0.22735841687471028,within_range,89.99315727420607,"[""ewart2022_supp8_ALBUMIN_C58"", ""ewart2022_supp8_ALBUMIN_C59""]","[""ALBUMIN!C58"", ""ALBUMIN!C59""]","[56.4167176519772, 33.7532758217525]",Temporary deletion measures influence; no original observation is excluded or labelled erroneous.,dose_deletion:100.0,100.0,isotonic,,"[1.0, 300.0]",False
Trovafloxacin,reading_deletion,dose=300;reading=1,within_range,89.99315727420607,False,0.0,within_range,89.99315727420607,"[""ewart2022_supp8_ALBUMIN_C60""]","[""ALBUMIN!C60""]",[23.4905852866127],Temporary deletion measures influence; no original observation is excluded or labelled erroneous.,reading_deletion:ewart2022_supp8_ALBUMIN_C60,300.0,isotonic,,"[1.0, 300.0]",False
Trovafloxacin,reading_deletion,dose=300;reading=2,within_range,89.99315727420607,False,0.0,within_range,89.99315727420607,"[""ewart2022_supp8_ALBUMIN_C61""]","[""ALBUMIN!C61""]",[33.5394699682774],Temporary deletion measures influence; no original observation is excluded or labelled erroneous.,reading_deletion:ewart2022_supp8_ALBUMIN_C61,300.0,isotonic,,"[1.0, 300.0]",False
Trovafloxacin,dose_deletion,dose=300,within_range,89.99315727420607,False,0.0,within_range,89.99315727420607,"[""ewart2022_supp8_ALBUMIN_C60"", ""ewart2022_supp8_ALBUMIN_C61""]","[""ALBUMIN!C60"", ""ALBUMIN!C61""]","[23.4905852866127, 33.5394699682774]",Temporary deletion measures influence; no original observation is excluded or labelled erroneous.,dose_deletion:300.0,300.0,isotonic,,"[1.0, 100.0]",False
