compound,code,layer,label,status,evidence,action
Clozapine,input_scope,input,Day-three albumin and compatible units,Pass,Only day-three albumin on the source percentage and unbound-Cmax scales is supported.,Retain source provenance.
Clozapine,source_integrity,input,Unique original source records,Pass,Record IDs identify input observations; they do not establish independent chips.,Retain source provenance.
Clozapine,finite_values,input,Finite observed values and positive doses,Pass,Missing readings are excluded from fitting and retained in the source export.,Retain source provenance.
Clozapine,complete_readings,evidence,All source responses observed,Pass,0 missing input reading(s). A missing value is not zero.,No missing response in this input.
Clozapine,experimental_metadata,evidence,"Reported chip, run and donor mapping",Not assessed,Complete chip/run/donor mapping is unavailable.,Use documented experimental identities for grouped validation.
Clozapine,experimental_independence,evidence,Independent experimental units,Not assessed,Source records and entered IDs alone do not prove biological independence.,Obtain the sampling design and distinguish technical from biological repeats.
Clozapine,assay_controls,evidence,Vehicle and reference-control acceptance,Not assessed,Raw control measurements and pre-specified assay acceptance limits are unavailable to this analysis.,Review assay-specific laboratory records; do not infer a pass from the fitted curve.
Clozapine,assay_calibration,evidence,Albumin assay calibration and quantification range,Not assessed,"Calibration, detection/quantification limits and technical failure records are not assessed.",Review assay-specific laboratory records; do not infer a pass from the fitted curve.
Clozapine,device_qc,evidence,"Flow, bubbles and device QC",Not assessed,Device logs and pre-specified engineering acceptance limits are not assessed.,Review assay-specific laboratory records; do not infer a pass from the fitted curve.
Clozapine,threshold_bracket,evidence,Finite 50% crossing bracketed,Fail,The result is censored; no finite in-range crossing is supported.,Retain the censored conclusion; additional dose coverage is needed for a finite estimate.
Clozapine,model,sensitivity,Alternative curve conclusions agree,Pass,0 material change(s) in 2 finite scenarios; no calibrated probability is implied.,Keep the finite-scenario scope explicit.
Clozapine,reading_deletion,sensitivity,Conclusion survives single-reading deletion,Fail,1 material change(s) in 12 finite scenarios; no calibrated probability is implied.,Inspect affected evidence and seek an independent repeat.
Clozapine,dose_deletion,sensitivity,Conclusion survives single-dose deletion,Pass,0 material change(s) in 6 finite scenarios; no calibrated probability is implied.,Keep the finite-scenario scope explicit.
Clozapine,logistic_diagnostics,diagnostic,Logistic numerical fit checks,Pass,No specified numerical diagnostic triggered.,Inspect the comparator; a standalone parameter diagnostic does not prove the endpoint conclusion changed.
Levofloxacin,input_scope,input,Day-three albumin and compatible units,Pass,Only day-three albumin on the source percentage and unbound-Cmax scales is supported.,Retain source provenance.
Levofloxacin,source_integrity,input,Unique original source records,Pass,Record IDs identify input observations; they do not establish independent chips.,Retain source provenance.
Levofloxacin,finite_values,input,Finite observed values and positive doses,Pass,Missing readings are excluded from fitting and retained in the source export.,Retain source provenance.
Levofloxacin,complete_readings,evidence,All source responses observed,Pass,0 missing input reading(s). A missing value is not zero.,No missing response in this input.
Levofloxacin,experimental_metadata,evidence,"Reported chip, run and donor mapping",Not assessed,Complete chip/run/donor mapping is unavailable.,Use documented experimental identities for grouped validation.
Levofloxacin,experimental_independence,evidence,Independent experimental units,Not assessed,Source records and entered IDs alone do not prove biological independence.,Obtain the sampling design and distinguish technical from biological repeats.
Levofloxacin,assay_controls,evidence,Vehicle and reference-control acceptance,Not assessed,Raw control measurements and pre-specified assay acceptance limits are unavailable to this analysis.,Review assay-specific laboratory records; do not infer a pass from the fitted curve.
Levofloxacin,assay_calibration,evidence,Albumin assay calibration and quantification range,Not assessed,"Calibration, detection/quantification limits and technical failure records are not assessed.",Review assay-specific laboratory records; do not infer a pass from the fitted curve.
Levofloxacin,device_qc,evidence,"Flow, bubbles and device QC",Not assessed,Device logs and pre-specified engineering acceptance limits are not assessed.,Review assay-specific laboratory records; do not infer a pass from the fitted curve.
Levofloxacin,threshold_bracket,evidence,Finite 50% crossing bracketed,Fail,The result is censored; no finite in-range crossing is supported.,Retain the censored conclusion; additional dose coverage is needed for a finite estimate.
Levofloxacin,model,sensitivity,Alternative curve conclusions agree,Pass,0 material change(s) in 2 finite scenarios; no calibrated probability is implied.,Keep the finite-scenario scope explicit.
Levofloxacin,reading_deletion,sensitivity,Conclusion survives single-reading deletion,Pass,0 material change(s) in 10 finite scenarios; no calibrated probability is implied.,Keep the finite-scenario scope explicit.
Levofloxacin,dose_deletion,sensitivity,Conclusion survives single-dose deletion,Pass,0 material change(s) in 5 finite scenarios; no calibrated probability is implied.,Keep the finite-scenario scope explicit.
Levofloxacin,logistic_diagnostics,diagnostic,Logistic numerical fit checks,Fail,"parameter_at_bound, weak_parameter_identification",Inspect the comparator; a standalone parameter diagnostic does not prove the endpoint conclusion changed.
Olanzapine,input_scope,input,Day-three albumin and compatible units,Pass,Only day-three albumin on the source percentage and unbound-Cmax scales is supported.,Retain source provenance.
Olanzapine,source_integrity,input,Unique original source records,Pass,Record IDs identify input observations; they do not establish independent chips.,Retain source provenance.
Olanzapine,finite_values,input,Finite observed values and positive doses,Pass,Missing readings are excluded from fitting and retained in the source export.,Retain source provenance.
Olanzapine,complete_readings,evidence,All source responses observed,Pass,0 missing input reading(s). A missing value is not zero.,No missing response in this input.
Olanzapine,experimental_metadata,evidence,"Reported chip, run and donor mapping",Not assessed,Complete chip/run/donor mapping is unavailable.,Use documented experimental identities for grouped validation.
Olanzapine,experimental_independence,evidence,Independent experimental units,Not assessed,Source records and entered IDs alone do not prove biological independence.,Obtain the sampling design and distinguish technical from biological repeats.
Olanzapine,assay_controls,evidence,Vehicle and reference-control acceptance,Not assessed,Raw control measurements and pre-specified assay acceptance limits are unavailable to this analysis.,Review assay-specific laboratory records; do not infer a pass from the fitted curve.
Olanzapine,assay_calibration,evidence,Albumin assay calibration and quantification range,Not assessed,"Calibration, detection/quantification limits and technical failure records are not assessed.",Review assay-specific laboratory records; do not infer a pass from the fitted curve.
Olanzapine,device_qc,evidence,"Flow, bubbles and device QC",Not assessed,Device logs and pre-specified engineering acceptance limits are not assessed.,Review assay-specific laboratory records; do not infer a pass from the fitted curve.
Olanzapine,threshold_bracket,evidence,Finite 50% crossing bracketed,Fail,The result is censored; no finite in-range crossing is supported.,Retain the censored conclusion; additional dose coverage is needed for a finite estimate.
Olanzapine,model,sensitivity,Alternative curve conclusions agree,Pass,0 material change(s) in 2 finite scenarios; no calibrated probability is implied.,Keep the finite-scenario scope explicit.
Olanzapine,reading_deletion,sensitivity,Conclusion survives single-reading deletion,Pass,0 material change(s) in 12 finite scenarios; no calibrated probability is implied.,Keep the finite-scenario scope explicit.
Olanzapine,dose_deletion,sensitivity,Conclusion survives single-dose deletion,Pass,0 material change(s) in 6 finite scenarios; no calibrated probability is implied.,Keep the finite-scenario scope explicit.
Olanzapine,logistic_diagnostics,diagnostic,Logistic numerical fit checks,Fail,"parameter_at_bound, weak_parameter_identification",Inspect the comparator; a standalone parameter diagnostic does not prove the endpoint conclusion changed.
Pioglitazone,input_scope,input,Day-three albumin and compatible units,Pass,Only day-three albumin on the source percentage and unbound-Cmax scales is supported.,Retain source provenance.
Pioglitazone,source_integrity,input,Unique original source records,Pass,Record IDs identify input observations; they do not establish independent chips.,Retain source provenance.
Pioglitazone,finite_values,input,Finite observed values and positive doses,Pass,Missing readings are excluded from fitting and retained in the source export.,Retain source provenance.
Pioglitazone,complete_readings,evidence,All source responses observed,Fail,2 missing input reading(s). A missing value is not zero.,Recover missing measurements or retain the limitation.
Pioglitazone,experimental_metadata,evidence,"Reported chip, run and donor mapping",Not assessed,Complete chip/run/donor mapping is unavailable.,Use documented experimental identities for grouped validation.
Pioglitazone,experimental_independence,evidence,Independent experimental units,Not assessed,Source records and entered IDs alone do not prove biological independence.,Obtain the sampling design and distinguish technical from biological repeats.
Pioglitazone,assay_controls,evidence,Vehicle and reference-control acceptance,Not assessed,Raw control measurements and pre-specified assay acceptance limits are unavailable to this analysis.,Review assay-specific laboratory records; do not infer a pass from the fitted curve.
Pioglitazone,assay_calibration,evidence,Albumin assay calibration and quantification range,Not assessed,"Calibration, detection/quantification limits and technical failure records are not assessed.",Review assay-specific laboratory records; do not infer a pass from the fitted curve.
Pioglitazone,device_qc,evidence,"Flow, bubbles and device QC",Not assessed,Device logs and pre-specified engineering acceptance limits are not assessed.,Review assay-specific laboratory records; do not infer a pass from the fitted curve.
Pioglitazone,threshold_bracket,evidence,Finite 50% crossing bracketed,Pass,Crossing lies inside the measured range.,Report the estimated endpoint crossing.
Pioglitazone,model,sensitivity,Alternative curve conclusions agree,Pass,0 material change(s) in 2 finite scenarios; no calibrated probability is implied.,Keep the finite-scenario scope explicit.
Pioglitazone,reading_deletion,sensitivity,Conclusion survives single-reading deletion,Fail,1 material change(s) in 8 finite scenarios; no calibrated probability is implied.,Inspect affected evidence and seek an independent repeat.
Pioglitazone,dose_deletion,sensitivity,Conclusion survives single-dose deletion,Fail,1 material change(s) in 6 finite scenarios; no calibrated probability is implied.,Inspect affected evidence and seek an independent repeat.
Pioglitazone,logistic_diagnostics,diagnostic,Logistic numerical fit checks,Fail,parameter_at_bound,Inspect the comparator; a standalone parameter diagnostic does not prove the endpoint conclusion changed.
Troglitazone,input_scope,input,Day-three albumin and compatible units,Pass,Only day-three albumin on the source percentage and unbound-Cmax scales is supported.,Retain source provenance.
Troglitazone,source_integrity,input,Unique original source records,Pass,Record IDs identify input observations; they do not establish independent chips.,Retain source provenance.
Troglitazone,finite_values,input,Finite observed values and positive doses,Pass,Missing readings are excluded from fitting and retained in the source export.,Retain source provenance.
Troglitazone,complete_readings,evidence,All source responses observed,Pass,0 missing input reading(s). A missing value is not zero.,No missing response in this input.
Troglitazone,experimental_metadata,evidence,"Reported chip, run and donor mapping",Not assessed,Complete chip/run/donor mapping is unavailable.,Use documented experimental identities for grouped validation.
Troglitazone,experimental_independence,evidence,Independent experimental units,Not assessed,Source records and entered IDs alone do not prove biological independence.,Obtain the sampling design and distinguish technical from biological repeats.
Troglitazone,assay_controls,evidence,Vehicle and reference-control acceptance,Not assessed,Raw control measurements and pre-specified assay acceptance limits are unavailable to this analysis.,Review assay-specific laboratory records; do not infer a pass from the fitted curve.
Troglitazone,assay_calibration,evidence,Albumin assay calibration and quantification range,Not assessed,"Calibration, detection/quantification limits and technical failure records are not assessed.",Review assay-specific laboratory records; do not infer a pass from the fitted curve.
Troglitazone,device_qc,evidence,"Flow, bubbles and device QC",Not assessed,Device logs and pre-specified engineering acceptance limits are not assessed.,Review assay-specific laboratory records; do not infer a pass from the fitted curve.
Troglitazone,threshold_bracket,evidence,Finite 50% crossing bracketed,Pass,Crossing lies inside the measured range.,Report the estimated endpoint crossing.
Troglitazone,model,sensitivity,Alternative curve conclusions agree,Pass,0 material change(s) in 2 finite scenarios; no calibrated probability is implied.,Keep the finite-scenario scope explicit.
Troglitazone,reading_deletion,sensitivity,Conclusion survives single-reading deletion,Pass,0 material change(s) in 12 finite scenarios; no calibrated probability is implied.,Keep the finite-scenario scope explicit.
Troglitazone,dose_deletion,sensitivity,Conclusion survives single-dose deletion,Fail,2 material change(s) in 6 finite scenarios; no calibrated probability is implied.,Inspect affected evidence and seek an independent repeat.
Troglitazone,logistic_diagnostics,diagnostic,Logistic numerical fit checks,Fail,parameter_at_bound,Inspect the comparator; a standalone parameter diagnostic does not prove the endpoint conclusion changed.
Trovafloxacin,input_scope,input,Day-three albumin and compatible units,Pass,Only day-three albumin on the source percentage and unbound-Cmax scales is supported.,Retain source provenance.
Trovafloxacin,source_integrity,input,Unique original source records,Pass,Record IDs identify input observations; they do not establish independent chips.,Retain source provenance.
Trovafloxacin,finite_values,input,Finite observed values and positive doses,Pass,Missing readings are excluded from fitting and retained in the source export.,Retain source provenance.
Trovafloxacin,complete_readings,evidence,All source responses observed,Pass,0 missing input reading(s). A missing value is not zero.,No missing response in this input.
Trovafloxacin,experimental_metadata,evidence,"Reported chip, run and donor mapping",Not assessed,Complete chip/run/donor mapping is unavailable.,Use documented experimental identities for grouped validation.
Trovafloxacin,experimental_independence,evidence,Independent experimental units,Not assessed,Source records and entered IDs alone do not prove biological independence.,Obtain the sampling design and distinguish technical from biological repeats.
Trovafloxacin,assay_controls,evidence,Vehicle and reference-control acceptance,Not assessed,Raw control measurements and pre-specified assay acceptance limits are unavailable to this analysis.,Review assay-specific laboratory records; do not infer a pass from the fitted curve.
Trovafloxacin,assay_calibration,evidence,Albumin assay calibration and quantification range,Not assessed,"Calibration, detection/quantification limits and technical failure records are not assessed.",Review assay-specific laboratory records; do not infer a pass from the fitted curve.
Trovafloxacin,device_qc,evidence,"Flow, bubbles and device QC",Not assessed,Device logs and pre-specified engineering acceptance limits are not assessed.,Review assay-specific laboratory records; do not infer a pass from the fitted curve.
Trovafloxacin,threshold_bracket,evidence,Finite 50% crossing bracketed,Pass,Crossing lies inside the measured range.,Report the estimated endpoint crossing.
Trovafloxacin,model,sensitivity,Alternative curve conclusions agree,Pass,0 material change(s) in 2 finite scenarios; no calibrated probability is implied.,Keep the finite-scenario scope explicit.
Trovafloxacin,reading_deletion,sensitivity,Conclusion survives single-reading deletion,Pass,0 material change(s) in 12 finite scenarios; no calibrated probability is implied.,Keep the finite-scenario scope explicit.
Trovafloxacin,dose_deletion,sensitivity,Conclusion survives single-dose deletion,Pass,0 material change(s) in 6 finite scenarios; no calibrated probability is implied.,Keep the finite-scenario scope explicit.
Trovafloxacin,logistic_diagnostics,diagnostic,Logistic numerical fit checks,Fail,parameter_at_bound,Inspect the comparator; a standalone parameter diagnostic does not prove the endpoint conclusion changed.
