compound,held_dose,training_doses,observed_mean,no_warning,count_warning,source_warning,sensitivity_warning,full_warning,reference_event,training_state,restored_state,warning_reasons,legacy_sensitivity_warning,legacy_full_warning,legacy_warning_reasons,fit_diagnostics,isotonic_prediction,isotonic_diagnostics,raw_interpolation_prediction,raw_interpolation_diagnostics,constant_prediction,constant_diagnostics,logistic_prediction,logistic_diagnostics,absolute_error_pp
Clozapine,3.0,"[1.0, 10.0, 30.0, 100.0, 300.0]",146.25809622786,False,False,False,True,True,False,right_censored,right_censored,"[""reading_deletion""]",True,True,"[""reading_deletion""]",[],131.43794793631827,[],131.13146087149957,[],107.35652545036942,[],131.32841729903691,[],14.820148291541727
Clozapine,10.0,"[1.0, 3.0, 30.0, 100.0, 300.0]",138.136022089058,False,False,False,True,True,False,right_censored,right_censored,"[""reading_deletion""]",True,True,"[""reading_deletion""]",[],132.52066767266612,[],137.65406831864232,[],108.98094027812981,[],135.06335661981743,[],5.615354416391881
Clozapine,30.0,"[1.0, 3.0, 10.0, 100.0, 300.0]",129.802985005841,False,False,False,True,True,False,right_censored,right_censored,"[""reading_deletion""]",True,True,"[""reading_deletion"", ""logistic_fit_diagnostic""]","[{""model"": ""logistic"", ""code"": ""parameter_at_bound""}]",113.00928134967043,[],113.92851511059969,[],110.6475476947732,[],135.70978158769427,"[""parameter_at_bound""]",16.793703656170578
Clozapine,100.0,"[1.0, 3.0, 10.0, 30.0, 300.0]",87.3994289505241,False,False,False,True,True,False,right_censored,right_censored,"[""reading_deletion""]",True,True,"[""reading_deletion"", ""logistic_fit_diagnostic""]","[{""model"": ""logistic"", ""code"": ""parameter_at_bound""}]",91.58124541837981,[],91.58124541837981,[],119.12825890583659,[],61.15411245758008,"[""parameter_at_bound""]",4.181816467855711
Levofloxacin,3.0,"[1.0, 10.0, 15.0, 45.0]",123.263132950153,False,False,False,False,False,False,right_censored,right_censored,[],True,True,"[""logistic_fit_diagnostic""]","[{""model"": ""logistic"", ""code"": ""weak_parameter_identification""}]",129.8029849223962,[],123.79180463727833,[],129.8029849223962,[],129.80298490880836,"[""weak_parameter_identification""]",6.539851972243213
Levofloxacin,10.0,"[1.0, 3.0, 15.0, 45.0]",144.253948033396,False,False,False,False,False,False,right_censored,right_censored,[],True,True,"[""logistic_fit_diagnostic""]","[{""model"": ""logistic"", ""code"": ""parameter_at_bound""}, {""model"": ""logistic"", ""code"": ""weak_parameter_identification""}]",124.55528115158542,[],129.8124613670768,[],124.55528115158542,[],124.55527922130257,"[""parameter_at_bound"", ""weak_parameter_identification""]",19.69866688181058
Levofloxacin,15.0,"[1.0, 3.0, 10.0, 45.0]",132.01809603346,False,False,False,False,False,False,right_censored,right_censored,[],True,True,"[""logistic_fit_diagnostic""]","[{""model"": ""logistic"", ""code"": ""parameter_at_bound""}, {""model"": ""logistic"", ""code"": ""weak_parameter_identification""}]",127.61424415156942,[],142.51938791062136,[],127.61424415156942,[],127.61424071595299,"[""parameter_at_bound"", ""weak_parameter_identification""]",4.4038518818905885
Olanzapine,3.0,"[1.0, 10.0, 30.0, 100.0, 300.0]",116.6177995335165,False,False,False,False,False,False,right_censored,right_censored,[],True,True,"[""logistic_fit_diagnostic""]","[{""model"": ""logistic"", ""code"": ""parameter_at_bound""}]",137.5521018997061,[],137.5521018997061,[],128.9591330724167,[],140.8675644677241,"[""parameter_at_bound""]",20.934302366189584
Olanzapine,10.0,"[1.0, 3.0, 30.0, 100.0, 300.0]",134.022244339183,False,False,False,False,False,False,right_censored,right_censored,[],True,True,"[""logistic_fit_diagnostic""]","[{""model"": ""logistic"", ""code"": ""parameter_at_bound""}, {""model"": ""logistic"", ""code"": ""weak_parameter_identification""}]",121.6545403599125,[],114.74256268449112,[],125.4782441112834,[],121.62526673266079,"[""parameter_at_bound"", ""weak_parameter_identification""]",12.367703979270502
Olanzapine,30.0,"[1.0, 3.0, 10.0, 100.0, 300.0]",113.03142914468,False,False,False,False,False,False,right_censored,right_censored,[],True,True,"[""logistic_fit_diagnostic""]","[{""model"": ""logistic"", ""code"": ""parameter_at_bound""}, {""model"": ""logistic"", ""code"": ""weak_parameter_identification""}]",127.4472318298455,[],132.91504022780396,[],129.67640715018402,[],126.89524419925665,"[""parameter_at_bound"", ""weak_parameter_identification""]",14.415802685165502
Olanzapine,100.0,"[1.0, 3.0, 10.0, 30.0, 300.0]",131.701651616837,False,False,False,False,False,False,right_censored,right_censored,[],True,True,"[""logistic_fit_diagnostic""]","[{""model"": ""logistic"", ""code"": ""parameter_at_bound""}, {""model"": ""logistic"", ""code"": ""weak_parameter_identification""}]",119.14935514464825,[],119.42929608584271,[],125.94236265575262,[],122.20677498971038,"[""parameter_at_bound"", ""weak_parameter_identification""]",12.552296472188758
Pioglitazone,3.0,"[1.0, 10.0, 30.0, 100.0, 300.0]",126.390851386435,False,True,True,True,True,False,within_range,within_range,"[""reading_deletion"", ""dose_deletion""]",True,True,"[""reading_deletion"", ""dose_deletion"", ""logistic_fit_diagnostic""]","[{""model"": ""logistic"", ""code"": ""parameter_at_bound""}]",105.92175987103685,[],101.85654442940866,[],87.89241872688233,[],105.96912354120904,"[""parameter_at_bound""]",20.469091515398148
Pioglitazone,10.0,"[1.0, 3.0, 30.0, 100.0, 300.0]",98.01324723705315,False,True,True,True,True,False,within_range,within_range,"[""reading_deletion"", ""dose_deletion""]",True,True,"[""reading_deletion"", ""dose_deletion""]",[],114.9528443594383,[],119.96913964629411,[],90.17451568178367,[],115.8003253304617,[],16.939597122385152
Pioglitazone,30.0,"[1.0, 3.0, 10.0, 100.0, 300.0]",114.109396463845,False,True,True,True,True,False,within_range,within_range,"[""model"", ""reading_deletion"", ""dose_deletion""]",True,True,"[""model"", ""reading_deletion"", ""dose_deletion"", ""logistic_fit_diagnostic""]","[{""model"": ""logistic"", ""code"": ""parameter_at_bound""}]",90.11147241913477,[],90.11147241913477,[],86.15047837508573,[],98.33019821187055,"[""parameter_at_bound""]",23.99792404471023
Pioglitazone,100.0,"[1.0, 3.0, 10.0, 30.0, 300.0]",81.45189152348061,False,True,True,True,True,False,within_range,within_range,"[""reading_deletion"", ""dose_deletion""]",True,True,"[""reading_deletion"", ""dose_deletion"", ""logistic_fit_diagnostic""]","[{""model"": ""logistic"", ""code"": ""parameter_at_bound""}, {""model"": ""logistic"", ""code"": ""weak_parameter_identification""}]",76.3609051759203,[],80.2008126335412,[],94.31485461017681,[],108.2172388039762,"[""parameter_at_bound"", ""weak_parameter_identification""]",5.090986347560317
Troglitazone,2.95,"[0.98, 9.82, 29.47, 98.2, 294.72]",100.5253630444887,False,False,False,True,True,False,within_range,within_range,"[""dose_deletion""]",True,True,"[""dose_deletion""]",[],94.05998294148674,[],92.84392819719989,[],74.46564569139426,[],93.75296273825896,[],6.465380103001962
Troglitazone,9.82,"[0.98, 2.95, 29.47, 98.2, 294.72]",89.63952813854075,False,False,False,True,True,False,within_range,within_range,"[""dose_deletion""]",True,True,"[""dose_deletion"", ""logistic_fit_diagnostic""]","[{""model"": ""logistic"", ""code"": ""parameter_at_bound""}]",95.69770195717486,[],87.44766260915463,[],76.64281267258384,[],96.63059981980322,"[""parameter_at_bound""]",6.058173818634103
Troglitazone,29.47,"[0.98, 2.95, 9.82, 98.2, 294.72]",75.49724671252795,False,False,False,True,True,False,within_range,within_range,"[""dose_deletion""]",True,True,"[""dose_deletion"", ""logistic_fit_diagnostic""]","[{""model"": ""logistic"", ""code"": ""parameter_at_bound""}, {""model"": ""logistic"", ""code"": ""weak_parameter_identification""}]",99.33908619723299,[],100.03046360883874,[],79.4712689577864,[],100.34482302782496,"[""parameter_at_bound"", ""weak_parameter_identification""]",23.841839484705034
Troglitazone,98.2,"[0.98, 2.95, 9.82, 29.47, 294.72]",111.4111980616967,False,False,False,True,True,True,within_range,within_range,"[""dose_deletion""]",True,True,"[""dose_deletion"", ""logistic_fit_diagnostic""]","[{""model"": ""logistic"", ""code"": ""parameter_at_bound""}]",36.03363196893437,[],36.03363196893437,[],72.28847868795265,[],18.96143088199854,"[""parameter_at_bound""]",75.37756609276232
Trovafloxacin,3.0,"[1.0, 10.0, 30.0, 100.0, 300.0]",107.19565524894901,False,False,False,False,False,False,within_range,within_range,[],True,True,"[""logistic_fit_diagnostic""]","[{""model"": ""logistic"", ""code"": ""parameter_at_bound""}]",108.3080455085059,[],105.65574879609488,[],78.1607932441656,[],106.19864743837304,"[""parameter_at_bound""]",1.1123902595568893
Trovafloxacin,10.0,"[1.0, 3.0, 30.0, 100.0, 300.0]",95.6501284803616,False,False,False,False,False,False,within_range,within_range,[],False,False,[],[],106.97206600162586,[],106.97206600162586,[],80.46989859788309,[],110.90319951980813,[],11.32193752126426
Trovafloxacin,30.0,"[1.0, 3.0, 10.0, 100.0, 300.0]",106.76804320822,False,False,False,False,False,False,within_range,within_range,[],False,False,[],[],71.5244293778394,[],71.5244293778394,[],78.24631565231141,[],72.66389797263972,[],35.24361383038061
Trovafloxacin,100.0,"[1.0, 3.0, 10.0, 30.0, 300.0]",45.08499673686485,False,False,False,True,True,False,within_range,within_range,"[""dose_deletion""]",True,True,"[""dose_deletion"", ""logistic_fit_diagnostic""]","[{""model"": ""logistic"", ""code"": ""parameter_at_bound""}, {""model"": ""logistic"", ""code"": ""weak_parameter_identification""}]",63.198907894530684,[],65.85120460694169,[],90.58292494658244,[],103.71295342817652,"[""parameter_at_bound"", ""weak_parameter_identification""]",18.113911157665832
