dataset,evidence_status,arm,n,tp,fp,tn,fn,precision,recall,retained_fraction,retained_mae_pp
real_restoration,Retrospective,A: curve only,23,0,0,22,1,,0.0,1.0,16.363300450814933
real_restoration,Retrospective,Legacy: diagnostics trigger review,23,1,20,2,0,0.047619047619047616,1.0,0.08695652173913043,23.282775675822435
real_restoration,Retrospective,B: guarded report,23,1,12,10,0,0.07692307692307693,1.0,0.43478260869565216,13.859041784996048
synthetic_development,Retrospective,A: curve only,96,0,0,89,7,,0.0,1.0,
synthetic_development,Retrospective,Legacy: diagnostics trigger review,96,7,69,20,0,0.09210526315789473,1.0,0.20833333333333334,
synthetic_development,Retrospective,B: guarded report,96,7,52,37,0,0.11864406779661017,1.0,0.3854166666666667,
synthetic_evaluation,Retrospective,A: curve only,96,0,0,86,10,,0.0,1.0,
synthetic_evaluation,Retrospective,Legacy: diagnostics trigger review,96,8,65,21,2,0.1095890410958904,0.8,0.23958333333333334,
synthetic_evaluation,Retrospective,B: guarded report,96,8,52,34,2,0.13333333333333333,0.8,0.375,
synthetic_revision_evaluation,Fresh generator seed,A: curve only,96,0,0,86,10,,0.0,1.0,
synthetic_revision_evaluation,Fresh generator seed,Legacy: diagnostics trigger review,96,10,67,19,0,0.12987012987012986,1.0,0.19791666666666666,
synthetic_revision_evaluation,Fresh generator seed,B: guarded report,96,10,52,34,0,0.16129032258064516,1.0,0.3541666666666667,
