partition,experiment,scenario,shape,true_state,estimated_state,true_crossing,estimated_crossing,reference_event,no_warning,count_warning,source_warning,sensitivity_warning,full_warning,warning_reasons,legacy_sensitivity_warning,legacy_full_warning,fit_diagnostics
development,0,clean,hill,within_range,within_range,64.54636978819462,67.81962260979552,False,False,False,False,False,False,[],False,False,[]
development,1,random_missing,hill,within_range,within_range,36.02645703574955,184.65656036481374,True,False,True,True,True,True,"[""model"", ""dose_deletion"", ""missing_probe""]",True,True,[]
development,2,response_dependent_missing,hill,within_range,within_range,25.342673604589457,21.902454559728152,False,False,True,True,True,True,"[""missing_probe""]",True,True,[]
development,3,truncated_range,hill,right_censored,right_censored,,,False,False,False,False,False,False,[],True,True,"[{""model"": ""logistic"", ""code"": ""parameter_at_bound""}]"
development,4,singletons,hill,within_range,within_range,121.56281557443398,93.89416122480723,False,False,True,False,False,False,[],False,False,[]
development,5,influential_reading,hill,within_range,within_range,117.5194024003339,116.89121183398704,False,False,False,False,True,True,"[""dose_deletion""]",True,True,"[{""model"": ""logistic"", ""code"": ""parameter_at_bound""}]"
development,6,non_monotonic,hill,within_range,within_range,139.6686861577366,156.18168927923787,False,False,False,False,True,True,"[""dose_deletion""]",True,True,"[{""model"": ""logistic"", ""code"": ""parameter_at_bound""}]"
development,7,run_shift,hill,within_range,within_range,135.73456417334424,150.06701988433664,False,False,False,False,True,True,"[""dose_deletion""]",True,True,"[{""model"": ""logistic"", ""code"": ""parameter_at_bound""}]"
development,8,clean,piecewise,within_range,within_range,38.401233498434955,50.8780101719998,False,False,False,False,False,False,[],False,False,[]
development,9,random_missing,piecewise,within_range,within_range,17.875227433694523,18.310422957073513,False,False,True,True,True,True,"[""missing_probe""]",True,True,[]
development,10,response_dependent_missing,piecewise,within_range,within_range,28.960469606188198,29.133984807014663,False,False,True,True,True,True,"[""missing_probe""]",True,True,[]
development,11,truncated_range,piecewise,right_censored,right_censored,,,False,False,False,False,False,False,[],True,True,"[{""model"": ""logistic"", ""code"": ""parameter_at_bound""}, {""model"": ""logistic"", ""code"": ""weak_parameter_identification""}]"
development,12,singletons,piecewise,within_range,within_range,178.040446377342,202.99798038935504,False,False,True,False,True,True,"[""dose_deletion""]",True,True,"[{""model"": ""logistic"", ""code"": ""parameter_at_bound""}]"
development,13,influential_reading,piecewise,within_range,within_range,43.859936504594295,70.04163464808568,False,False,False,False,False,False,[],True,True,"[{""model"": ""logistic"", ""code"": ""parameter_at_bound""}]"
development,14,non_monotonic,piecewise,within_range,within_range,117.15341903695195,127.11796323963438,False,False,False,False,True,True,"[""dose_deletion""]",True,True,"[{""model"": ""logistic"", ""code"": ""parameter_at_bound""}]"
development,15,run_shift,piecewise,within_range,within_range,144.03488996310446,213.5601310160568,False,False,False,False,True,True,"[""dose_deletion""]",True,True,[]
development,16,clean,hill,within_range,within_range,133.4327532640363,95.74872643133088,False,False,False,False,False,False,[],False,False,[]
development,17,random_missing,hill,within_range,within_range,63.22334306708784,52.280084945609616,False,False,True,True,False,True,[],False,True,[]
development,18,response_dependent_missing,hill,within_range,within_range,39.44862513289754,28.786800779864297,False,False,True,True,True,True,"[""dose_deletion"", ""missing_probe""]",True,True,[]
development,19,truncated_range,hill,right_censored,right_censored,,,False,False,False,False,False,False,[],False,False,[]
development,20,singletons,hill,within_range,within_range,29.92109344657183,31.134873647914084,False,False,True,False,False,False,[],True,True,"[{""model"": ""logistic"", ""code"": ""parameter_at_bound""}]"
development,21,influential_reading,hill,within_range,within_range,13.016900870515444,46.670916055028634,True,False,False,False,True,True,"[""reading_deletion"", ""dose_deletion""]",True,True,"[{""model"": ""logistic"", ""code"": ""parameter_at_bound""}]"
development,22,non_monotonic,hill,within_range,within_range,152.06868185093072,223.16983381416227,False,False,False,False,True,True,"[""model"", ""dose_deletion""]",True,True,"[{""model"": ""logistic"", ""code"": ""parameter_at_bound""}]"
development,23,run_shift,hill,within_range,within_range,86.80521369671199,86.60271987848621,False,False,False,False,False,False,[],True,True,"[{""model"": ""logistic"", ""code"": ""parameter_at_bound""}]"
development,24,clean,piecewise,within_range,within_range,32.389530208864734,31.59186322267359,False,False,False,False,False,False,[],False,False,[]
development,25,random_missing,piecewise,right_censored,right_censored,,,False,False,True,True,True,True,"[""missing_probe""]",True,True,"[{""model"": ""logistic"", ""code"": ""parameter_at_bound""}]"
development,26,response_dependent_missing,piecewise,within_range,within_range,131.9713805661153,180.81355000488725,False,False,False,False,True,True,"[""dose_deletion""]",True,True,"[{""model"": ""logistic"", ""code"": ""parameter_at_bound""}]"
development,27,truncated_range,piecewise,right_censored,right_censored,,,False,False,False,False,False,False,[],True,True,"[{""model"": ""logistic"", ""code"": ""parameter_at_bound""}]"
development,28,singletons,piecewise,within_range,within_range,140.60169058863528,174.46070687450404,False,False,True,False,True,True,"[""dose_deletion""]",True,True,"[{""model"": ""logistic"", ""code"": ""parameter_at_bound""}]"
development,29,influential_reading,piecewise,within_range,within_range,55.190699519570394,63.98541652928933,False,False,False,False,True,True,"[""dose_deletion""]",True,True,"[{""model"": ""logistic"", ""code"": ""parameter_at_bound""}]"
development,30,non_monotonic,piecewise,within_range,within_range,139.9401933981424,161.2500457318336,False,False,False,False,True,True,"[""dose_deletion""]",True,True,"[{""model"": ""logistic"", ""code"": ""parameter_at_bound""}]"
development,31,run_shift,piecewise,within_range,within_range,15.71138708132171,17.61865210617775,False,False,False,False,False,False,[],False,False,[]
development,32,clean,hill,within_range,within_range,12.857021399202086,16.879797341939735,False,False,False,False,False,False,[],False,False,[]
development,33,random_missing,hill,within_range,within_range,85.70900370466366,86.13494391639819,False,False,True,True,True,True,"[""missing_probe""]",True,True,"[{""model"": ""logistic"", ""code"": ""parameter_at_bound""}]"
development,34,response_dependent_missing,hill,within_range,within_range,8.787899258495406,7.994832180635898,False,False,True,True,True,True,"[""missing_probe""]",True,True,[]
development,35,truncated_range,hill,right_censored,right_censored,,,False,False,False,False,False,False,[],True,True,"[{""model"": ""logistic"", ""code"": ""parameter_at_bound""}, {""model"": ""logistic"", ""code"": ""weak_parameter_identification""}]"
development,36,singletons,hill,within_range,within_range,63.387543839651684,66.09030808593053,False,False,True,False,False,False,[],False,False,[]
development,37,influential_reading,hill,within_range,within_range,268.2356186718724,271.4548881117235,False,False,False,False,True,True,"[""reading_deletion"", ""dose_deletion""]",True,True,"[{""model"": ""logistic"", ""code"": ""parameter_at_bound""}]"
development,38,non_monotonic,hill,within_range,within_range,206.342264651285,261.49879487853656,False,False,False,False,True,True,"[""dose_deletion""]",True,True,"[{""model"": ""logistic"", ""code"": ""parameter_at_bound""}]"
development,39,run_shift,hill,within_range,within_range,19.124988339955397,18.688316164103703,False,False,False,False,False,False,[],False,False,[]
development,40,clean,piecewise,within_range,within_range,19.873264409353855,19.327688136390602,False,False,False,False,False,False,[],False,False,[]
development,41,random_missing,piecewise,within_range,within_range,94.75966298450474,89.54428289335958,False,False,True,True,True,True,"[""dose_deletion"", ""missing_probe""]",True,True,[]
development,42,response_dependent_missing,piecewise,within_range,within_range,31.39368335901346,28.977563598020534,False,False,True,True,True,True,"[""dose_deletion"", ""missing_probe""]",True,True,"[{""model"": ""logistic"", ""code"": ""parameter_at_bound""}, {""model"": ""logistic"", ""code"": ""weak_parameter_identification""}]"
development,43,truncated_range,piecewise,right_censored,right_censored,,,False,False,False,False,False,False,[],True,True,"[{""model"": ""logistic"", ""code"": ""parameter_at_bound""}]"
development,44,singletons,piecewise,within_range,within_range,20.68168900805229,20.10002982010117,False,False,True,False,True,True,"[""dose_deletion""]",True,True,"[{""model"": ""logistic"", ""code"": ""parameter_at_bound""}]"
development,45,influential_reading,piecewise,within_range,within_range,8.197065904885527,9.30237133196803,False,False,False,False,True,True,"[""reading_deletion"", ""dose_deletion""]",True,True,"[{""model"": ""raw_interpolation"", ""code"": ""multiple_downward_crossings""}, {""model"": ""logistic"", ""code"": ""parameter_at_bound""}]"
development,46,non_monotonic,piecewise,within_range,within_range,9.00561974444645,9.192465348072338,False,False,False,False,True,True,"[""model"", ""reading_deletion"", ""dose_deletion""]",True,True,"[{""model"": ""raw_interpolation"", ""code"": ""multiple_downward_crossings""}, {""model"": ""logistic"", ""code"": ""parameter_at_bound""}]"
development,47,run_shift,piecewise,within_range,within_range,28.62564225663772,24.50903223942273,False,False,False,False,False,False,[],False,False,[]
development,48,clean,hill,within_range,within_range,51.930643370141226,55.780510601584396,False,False,False,False,False,False,[],False,False,[]
development,49,random_missing,hill,within_range,within_range,81.77457387324424,77.72012177811568,False,False,True,True,True,True,"[""missing_probe""]",True,True,[]
development,50,response_dependent_missing,hill,within_range,within_range,10.980664996606105,12.892035865812595,False,False,True,True,True,True,"[""missing_probe""]",True,True,[]
development,51,truncated_range,hill,right_censored,right_censored,,,False,False,False,False,False,False,[],True,True,"[{""model"": ""logistic"", ""code"": ""parameter_at_bound""}]"
development,52,singletons,hill,within_range,within_range,59.26485768035734,61.8987273659057,False,False,True,False,True,True,"[""dose_deletion""]",True,True,[]
development,53,influential_reading,hill,within_range,within_range,41.47499192847283,78.59027395920546,False,False,False,False,True,True,"[""dose_deletion""]",True,True,[]
development,54,non_monotonic,hill,within_range,within_range,137.11823510313076,148.8529061089814,False,False,False,False,True,True,"[""dose_deletion""]",True,True,"[{""model"": ""logistic"", ""code"": ""parameter_at_bound""}]"
development,55,run_shift,hill,within_range,within_range,4.624103202002394,4.794082615323546,False,False,False,False,False,False,[],True,True,"[{""model"": ""logistic"", ""code"": ""parameter_at_bound""}]"
development,56,clean,piecewise,within_range,within_range,57.624382420689976,74.43815000578834,False,False,False,False,True,True,"[""dose_deletion""]",True,True,"[{""model"": ""logistic"", ""code"": ""parameter_at_bound""}]"
development,57,random_missing,piecewise,within_range,within_range,22.14739106505896,22.647390025359865,False,False,True,True,True,True,"[""dose_deletion"", ""missing_probe""]",True,True,"[{""model"": ""logistic"", ""code"": ""parameter_at_bound""}]"
development,58,response_dependent_missing,piecewise,within_range,within_range,182.85326717955635,189.79648353535376,False,False,True,True,True,True,"[""dose_deletion"", ""missing_probe""]",True,True,"[{""model"": ""logistic"", ""code"": ""parameter_at_bound""}]"
development,59,truncated_range,piecewise,within_range,within_range,19.459492340218315,20.176088226697285,False,False,False,False,True,True,"[""dose_deletion""]",True,True,"[{""model"": ""logistic"", ""code"": ""parameter_at_bound""}]"
development,60,singletons,piecewise,within_range,within_range,7.967236735337536,7.200472634360243,False,False,True,False,False,False,[],False,False,[]
development,61,influential_reading,piecewise,within_range,within_range,11.150497410625896,53.98308822524924,True,False,False,False,True,True,"[""model"", ""reading_deletion"", ""dose_deletion""]",True,True,"[{""model"": ""raw_interpolation"", ""code"": ""multiple_downward_crossings""}, {""model"": ""logistic"", ""code"": ""parameter_at_bound""}]"
development,62,non_monotonic,piecewise,within_range,within_range,6.900946459560619,7.491028841736284,False,False,False,False,True,True,"[""dose_deletion""]",True,True,"[{""model"": ""raw_interpolation"", ""code"": ""multiple_downward_crossings""}, {""model"": ""logistic"", ""code"": ""parameter_at_bound""}]"
development,63,run_shift,piecewise,within_range,within_range,137.46119844365032,198.88800245249055,False,False,False,False,True,True,"[""dose_deletion""]",True,True,"[{""model"": ""logistic"", ""code"": ""parameter_at_bound""}]"
development,64,clean,hill,within_range,within_range,68.97028282555429,65.48335254190648,False,False,False,False,False,False,[],False,False,[]
development,65,random_missing,hill,within_range,within_range,199.2348256711877,227.513367220477,False,False,True,True,True,True,"[""dose_deletion"", ""missing_probe""]",True,True,[]
development,66,response_dependent_missing,hill,within_range,within_range,13.770051913050304,14.029117494883144,False,False,True,True,True,True,"[""missing_probe""]",True,True,"[{""model"": ""logistic"", ""code"": ""parameter_at_bound""}]"
development,67,truncated_range,hill,right_censored,right_censored,,,False,False,False,False,False,False,[],True,True,"[{""model"": ""logistic"", ""code"": ""parameter_at_bound""}]"
development,68,singletons,hill,within_range,within_range,22.648413397079967,36.246036634705554,False,False,True,False,False,False,[],True,True,"[{""model"": ""logistic"", ""code"": ""parameter_at_bound""}]"
development,69,influential_reading,hill,within_range,within_range,33.305533507070884,65.70440061335057,False,False,False,False,True,True,"[""reading_deletion""]",True,True,"[{""model"": ""logistic"", ""code"": ""parameter_at_bound""}]"
development,70,non_monotonic,hill,within_range,within_range,8.934325469683682,8.699425104748553,False,False,False,False,True,True,"[""reading_deletion"", ""dose_deletion""]",True,True,"[{""model"": ""raw_interpolation"", ""code"": ""multiple_downward_crossings""}, {""model"": ""logistic"", ""code"": ""parameter_at_bound""}]"
development,71,run_shift,hill,within_range,within_range,20.390351008974942,22.920658341419863,False,False,False,False,False,False,[],False,False,[]
development,72,clean,piecewise,within_range,within_range,62.003715206623575,74.56119518784848,False,False,False,False,False,False,[],True,True,"[{""model"": ""logistic"", ""code"": ""parameter_at_bound""}]"
development,73,random_missing,piecewise,within_range,within_range,173.3402059805237,243.36963093047882,False,False,True,True,True,True,"[""dose_deletion"", ""missing_probe""]",True,True,"[{""model"": ""logistic"", ""code"": ""parameter_at_bound""}]"
development,74,response_dependent_missing,piecewise,right_censored,right_censored,,,False,False,True,True,True,True,"[""missing_probe""]",True,True,"[{""model"": ""logistic"", ""code"": ""parameter_at_bound""}]"
development,75,truncated_range,piecewise,right_censored,right_censored,,,False,False,False,False,False,False,[],True,True,"[{""model"": ""logistic"", ""code"": ""parameter_at_bound""}]"
development,76,singletons,piecewise,within_range,within_range,23.046035267967373,23.339734209299124,False,False,True,False,False,False,[],True,True,"[{""model"": ""logistic"", ""code"": ""parameter_at_bound""}]"
development,77,influential_reading,piecewise,within_range,within_range,88.63824462397098,90.38005506504469,False,False,False,False,False,False,[],True,True,"[{""model"": ""logistic"", ""code"": ""parameter_at_bound""}]"
development,78,non_monotonic,piecewise,within_range,within_range,153.48572120137632,188.46722720514708,False,False,False,False,True,True,"[""dose_deletion""]",True,True,"[{""model"": ""logistic"", ""code"": ""parameter_at_bound""}]"
development,79,run_shift,piecewise,within_range,right_censored,239.35717725611897,,True,False,False,False,True,True,"[""reading_deletion""]",True,True,[]
development,80,clean,hill,within_range,within_range,16.6815544404019,17.949480757914177,False,False,False,False,False,False,[],False,False,[]
development,81,random_missing,hill,within_range,within_range,78.73496105274963,75.82119935240836,False,False,True,True,False,True,[],False,True,[]
development,82,response_dependent_missing,hill,within_range,within_range,54.36746224422211,69.10815394418103,False,False,True,True,True,True,"[""dose_deletion"", ""missing_probe""]",True,True,[]
development,83,truncated_range,hill,right_censored,within_range,,30.962937808261124,True,False,False,False,True,True,"[""reading_deletion"", ""dose_deletion""]",True,True,[]
development,84,singletons,hill,right_censored,right_censored,,,False,False,True,False,False,False,[],False,False,[]
development,85,influential_reading,hill,within_range,within_range,12.572937344785414,46.41081762450447,True,False,False,False,True,True,"[""reading_deletion"", ""dose_deletion""]",True,True,"[{""model"": ""logistic"", ""code"": ""parameter_at_bound""}]"
development,86,non_monotonic,hill,within_range,within_range,140.76147187648695,138.59560474216246,False,False,False,False,True,True,"[""dose_deletion""]",True,True,"[{""model"": ""logistic"", ""code"": ""parameter_at_bound""}]"
development,87,run_shift,hill,within_range,within_range,96.94566970221688,88.24949723023057,False,False,False,False,True,True,"[""dose_deletion""]",True,True,[]
development,88,clean,piecewise,within_range,within_range,84.42798288093398,89.43981869004047,False,False,False,False,False,False,[],False,False,[]
development,89,random_missing,piecewise,within_range,within_range,64.74904113815114,88.17742710651308,False,False,True,True,True,True,"[""missing_probe""]",True,True,[]
development,90,response_dependent_missing,piecewise,right_censored,right_censored,,,False,False,True,True,True,True,"[""missing_probe""]",True,True,"[{""model"": ""logistic"", ""code"": ""parameter_at_bound""}]"
development,91,truncated_range,piecewise,right_censored,right_censored,,,False,False,False,False,False,False,[],True,True,"[{""model"": ""logistic"", ""code"": ""parameter_at_bound""}, {""model"": ""logistic"", ""code"": ""weak_parameter_identification""}]"
development,92,singletons,piecewise,within_range,within_range,54.94336870682661,75.70961893057999,False,False,True,False,False,False,[],False,False,[]
development,93,influential_reading,piecewise,within_range,within_range,30.842397980268057,71.81553837509651,True,False,False,False,True,True,"[""dose_deletion""]",True,True,"[{""model"": ""logistic"", ""code"": ""parameter_at_bound""}]"
development,94,non_monotonic,piecewise,within_range,within_range,21.94188037343535,27.05028698348914,False,False,False,False,True,True,"[""dose_deletion""]",True,True,"[{""model"": ""raw_interpolation"", ""code"": ""multiple_downward_crossings""}, {""model"": ""logistic"", ""code"": ""parameter_at_bound""}]"
development,95,run_shift,piecewise,within_range,within_range,52.129810429249225,95.11776106716471,False,False,False,False,True,True,"[""dose_deletion""]",True,True,[]
